Sample.ID,Prefered Value,Cavalli_Florence__07EH03584_1,Cavalli_Florence__15EH07816_CONG,de_Perrot_Amin__SMTR32T_2,dePerrot_Amin__SMTR32T_1,dePerrot_Amin__SMTR32T_2,Dick_220601__N.FL1,Dick_220601__N.FL2,Dick_220601__N.FL4,Dick_Eric__N.FL1,Dick_Eric__N.FL2,Dick_Eric__N.FL3,Dick_Eric__N.FL4,Dick_Eric__N.FL5,Dick_Eric__N.FL6,Dick_Eric__T21.FL1,Dick_Eric__T21.FL2,Dick_Eric__T21.FL3,Dick_Eric__T21.FL4,Dick_Eric__T21.FL5,Dick_Eric__T21.FL6,Dick_Jenny__MPN_110168,Dick_Jenny__MPN_110188,Dick_Jenny__MPN_121011,Dick_Jenny__MPN_130139,Dick_Jenny__MPN_130243,Dick_Jenny__MPN_130550,Dick_Jenny__MPN_140844_150958,Dick_Jenny__MPN_150104,Dick_Jenny__MPN_150642,Dick_Jenny__MPN_90624,Dick_Jenny__MPN_907811,Florence_Cavalli__TUM3038_1,Florence_Cavalli__TUM3194_2,Florence_Cavalli__TUM4705,Florence_Cavalli__TUM544_2,Guerreiro.Stucklin__CBTN_01,Guerreiro.Stucklin__CBTN_02,Guerreiro.Stucklin__CBTN_03,Huang_Fupan__RBTC1089_multiome,Huang_Nikhil__581R,Huang_Nikhil__BT183,Kridel__LY_DLC_015,Kridel__LY_PTLD_134,Kridel__LY_PTLD_136,Kridel_Michael__LY_HL_110,Kridel_Michael__LY_HL_111,Kridel_Michael__LY_PTLD_134,Kridel_Michael__LY_PTLD_136,MacParland_Sonya__L192.Liver.2022.08.03,MacParland_Sonya__L215_Margin.2022.08.03,MacParland_Sonya__L215.Tumor.2022.08.03,Natrajan_220401__2516.T7,Natrajan_Rachael__2059_TL_3,Natrajan_Rachael__2388.T4,Natrajan_Rachael__2427.T1,Natrajan_Rachael__2516.T7,Natrajan_Rachael__2525.TR1,Natrajan_Rachael__2688,Natrajan_Rachael__3225_T,Notta_Karen__PDA_100070_Pa_P_OBDp11_MultiRNA10x,Notta_Karen__PDA_104760_Lv_M_OBp15_MultiRNA10x,NU210007__TUM1172.3,NU210007__TUM2326,NU210007__TUM2668,NU210007__TUM3194,NU210007__TUM3720,NU210007__TUM4629,Orouji_Ghazaleh__CSC432_HS.SC.Multiome.PDO,Orouji_Ghazaleh__CSC433_HS.SC.Multiome.PDO,Orouji_Ghazaleh__POP160_HS.SC.Multiome.PDX,Tsao_Khadija__PDX.194,P210022__4824,P210022__5036,P210038__LY_DLC_011,P210038__LY_FL_1203,P210038__LY_FL_1204,P210038__LY_PTLD_030,P210038__LY_PTLD_105,P210038__LY_PTLD_114,P210038__LY_PTLD_117,P210038__LY_PTLD_124,P210038__LY_PTLD_127,P210051__F23_PB_P8.5_On_GFWD_7d,P210051__G523_PB_Off,P210051__G523_PB_P8.4_On_GFWD_7d,P210059__CHUV_01,P210059__KIZH_01,P210059__KIZH_02_bis,P210059__KIZH_03,P210059__KIZH_05,P210059__MTOL_01,P210059__MTOL_02,P210059__MTOL_03,P210060__2753,P210060__3837,P210060__4578,P210063__2970,P210065__MB4286,P210065__MB4287,P210065__MB4288,P210065__MB4289,P210065__MB4290,P210065__MB4291,P210065__MB4293,P210066__W19_2U.19112021,P210066__W19_4U.21012022,P210071__RBTC1790_multiome,P210071__RBTC1790R_multiome,P210073__HPB.205,P220003__BM24M,P220003__BM26F,P220003__BM57M.58F,P220003__BM70F,P220003__BM77,P220003__CB_progenitor,P220003__CB_stem,P220003__CB.A,P220003__CB.B,P220003__HNBM_50y_Stroma_Multirna10x,P220003__HNBM_70y_Stroma_Multirna10x,P220004__PDA_100070_Pa_P_D_Multirna10x,P220004__PDA_102409_Pa_P_D_Multirna10x,P220004__PDA_134275_Pa_P_OTp8_Multirna10x,P220004__PDA_67113_Lu_M_D_Multirna10x,P220004__PDA_67132_Pa_P_D_Multirna10x,P220004__PDA_87784_Pa_P_D_Multirna10x,P220004__PDA_91610_Pa_P_D_Multirna10x,P220004__PDA_93395_Pa_P_D_Multirna10x,P220004__PDA_96460_Pa_P_D_Multirna10x,P220004__PDA_G_9903_Pa_P_D_Multirna10x,P220009__F23_PB_On21d,P220009__G523_PB_On21d,Rachael_Natrajan__1449_T6,Rachael_Natrajan__3025_T1,RT.T009__PBMC_low,RT.T009__PBMC_Regular,Stein_Lincoln__BT2017036,Stein_Lincoln__BT2017065,Stein_Lincoln__BT2018062,Stein_Lincoln__BT2018068,Stein_Lincoln__BT2019103,Stein_Lincoln__BT2020051,Taylor_211109__MB1380,Taylor_Winnie__EPT0525,Taylor_Winnie__EPT0735,Taylor_Winnie__EPT0989,Taylor_Winnie__EPT1141,Taylor_Winnie__MB0015,Taylor_Winnie__MB0180,Taylor_Winnie__MB0195,Taylor_Winnie__MB0222,Taylor_Winnie__MB0223,Taylor_Winnie__MB0366,Taylor_Winnie__MB0386,Taylor_Winnie__MB0430,Taylor_Winnie__MB0520,Taylor_Winnie__MB0527,Taylor_Winnie__MB0546,Taylor_Winnie__MB0552,Taylor_Winnie__MB0553,Taylor_Winnie__MB0555,Taylor_Winnie__MB0558,Taylor_Winnie__MB0574,Taylor_Winnie__MB0608,Taylor_Winnie__MB0739,Taylor_Winnie__MB0820,Taylor_Winnie__MB0831,Taylor_Winnie__MB1126,Taylor_Winnie__MB1134,Taylor_Winnie__MB1206,Taylor_Winnie__MB1220,Taylor_Winnie__MB1252,Taylor_Winnie__MB1254,Taylor_Winnie__MB1261,Taylor_Winnie__MB1266,Taylor_Winnie__MB1279,Taylor_Winnie__MB1303,Taylor_Winnie__MB1345,Taylor_Winnie__MB1365,Taylor_Winnie__MB1380,Taylor_Winnie__MB2052,Taylor_Winnie__MB2087,Taylor_Winnie__MB2100,Taylor_Winnie__MB2304,Taylor_Winnie__MB2618,Taylor_Winnie__MB2849,Taylor_Winnie__MB2973,Taylor_Winnie__MB4282,Taylor_Winnie__MB4292,Taylor_Winnie__MB4321,Tsao_220510__PDX_137_Taze,Tsao_Khadija__PDX.194.1,Tsao_Khadija__PDX344,Tsao_Khadija__PDX4000,Tsao_Khadija__PDX4056,Tsao_Khadija__XDO194,Tsao_Khadija__XDO344,Tsao_Khadija__XDO379,Tsao_Khadija__XDO4000,Tsao_Khadija__XDO4056,Tsao_Yoshi__PDX_137__Osi_regrowth_GRCh38,Tsao_Yoshi__PDX_137_Taz_Osi_Combo_GRCH38,Wang_Wayne__OCIAML8227_pn_con,Wang_Wayne__OCIAML8227_pn_vol,Zadeh_220214__38,Zadeh_Justin__2233,Zadeh_Justin__2521,Zadeh_Justin__2910,Zadeh_Justin__3937,Zadeh_Justin__4203,Zadeh_Justin__4604,Zadeh_Justin__4615,Zadeh_Justin__4935,Zadeh_Justin__5178,Zadeh_Justin__5808,Zadeh_Justin__5854,Zadeh_Sheila__PIMO66,Zadeh_Sheila__PIMO67,Zadeh_Sheila__PIMO70,Zadeh_Shelia__38,Zadeh_Shelia__47,Zadeh_Shelia__48,Zadeh_Shelia__50,Zadeh_Shelia__56,Zadeh_Shelia__60,Zadeh_Shelia__61,Zadeh_Shelia__63
Genome,Variable,GRCh38,GRCh38,GRCh38,GRCh38,GRCh38,GRCh38,GRCh38,GRCh38,GRCh38,GRCh38,GRCh38,GRCh38,GRCh38,GRCh38,GRCh38,GRCh38,GRCh38,GRCh38,GRCh38,GRCh38,GRCh38,GRCh38,GRCh38,GRCh38,GRCh38,GRCh38,GRCh38,GRCh38,GRCh38,GRCh38,GRCh38,GRCh38,GRCh38,GRCh38,GRCh38,GRCh38,GRCh38,GRCh38,hg19-c19mc-arc,GRCh38,GRCh38,GRCh38,GRCh38,GRCh38,GRCh38,GRCh38,GRCh38,GRCh38,marMar-arc2_1,marMar-arc2_1,marMar-arc2_1,GRCh38,GRCh38,GRCh38,GRCh38,GRCh38,GRCh38,GRCh38,GRCh38,GRCh38,GRCh38,GRCh38,GRCh38,GRCh38,GRCh38,GRCh38,GRCh38,GRCh38,GRCh38,GRCh38,GRCh38,GRCh38,GRCh38,GRCh38,GRCh38,GRCh38,GRCh38,GRCh38,GRCh38,GRCh38,GRCh38,GRCh38,GRCh38,GRCh38,GRCh38,GRCh38,GRCh38,GRCh38,GRCh38,GRCh38,GRCh38,GRCh38,GRCh38,GRCh38,GRCh38,GRCh38,GRCh38,GRCh38,GRCh38,GRCh38,GRCh38,GRCh38,GRCh38,GRCh38,GRCh38,GRCh38,GRCh38,GRCh38,GRCh38,GRCh38,GRCh38,GRCh38,GRCh38,GRCh38,GRCh38,GRCh38,GRCh38,GRCh38,GRCh38,GRCh38,GRCh38,GRCh38,GRCh38,GRCh38,GRCh38,GRCh38,GRCh38,GRCh38,GRCh38,GRCh38,GRCh38,GRCh38,GRCh38,GRCh38,GRCh38,GRCh38,GRCh38,GRCh38,GRCh38,GRCh38,GRCh38,GRCh38,GRCh38,GRCh38,GRCh38,GRCh38,GRCh38,GRCh38,GRCh38,GRCh38,GRCh38,GRCh38,GRCh38,GRCh38,GRCh38,GRCh38,GRCh38,GRCh38,GRCh38,GRCh38,GRCh38,GRCh38,GRCh38,GRCh38,GRCh38,GRCh38,GRCh38,GRCh38,GRCh38,GRCh38,GRCh38,GRCh38,GRCh38,GRCh38,GRCh38,GRCh38,GRCh38,GRCh38,GRCh38,GRCh38,GRCh38,GRCh38,GRCh38,GRCh38,GRCh38,GRCh38,GRCh38,GRCh38,GRCh38,GRCh38,GRCh38,GRCh38,GRCh38,GRCh38,GRCh38,GRCh38,GRCh38,GRCh38,GRCh38,GRCh38,GRCh38,GRCh38,GRCh38,GRCh38,GRCh38,GRCh38,GRCh38,GRCh38,GRCh38,GRCh38,GRCh38,GRCh38,GRCh38,GRCh38,GRCh38,GRCh38,GRCh38,GRCh38,GRCh38,GRCh38,GRCh38,GRCh38,GRCh38,GRCh38,GRCh38,GRCh38,GRCh38
Pipeline.version,Variable,cellranger-arc-2.0.0,cellranger-arc-2.0.0,cellranger-arc-2.0.0,cellranger-arc-2.0.0,cellranger-arc-2.0.0,cellranger-arc-2.0.0,cellranger-arc-2.0.0,cellranger-arc-2.0.0,cellranger-arc-2.0.0,cellranger-arc-2.0.0,cellranger-arc-2.0.0,cellranger-arc-2.0.0,cellranger-arc-2.0.0,cellranger-arc-2.0.0,cellranger-arc-2.0.0,cellranger-arc-2.0.0,cellranger-arc-2.0.0,cellranger-arc-2.0.0,cellranger-arc-2.0.0,cellranger-arc-2.0.0,cellranger-arc-2.0.0,cellranger-arc-2.0.0,cellranger-arc-2.0.0,cellranger-arc-2.0.0,cellranger-arc-2.0.0,cellranger-arc-2.0.0,cellranger-arc-2.0.0,cellranger-arc-2.0.0,cellranger-arc-2.0.0,cellranger-arc-2.0.0,cellranger-arc-2.0.0,cellranger-arc-2.0.0,cellranger-arc-2.0.0,cellranger-arc-2.0.0,cellranger-arc-2.0.0,cellranger-arc-2.0.0,cellranger-arc-2.0.0,cellranger-arc-2.0.0,cellranger-arc-2.0.0,cellranger-arc-2.0.0,cellranger-arc-2.0.0,cellranger-arc-2.0.0,cellranger-arc-2.0.0,cellranger-arc-2.0.0,cellranger-arc-2.0.0,cellranger-arc-2.0.0,cellranger-arc-2.0.0,cellranger-arc-2.0.0,cellranger-arc-2.0.0,cellranger-arc-2.0.0,cellranger-arc-2.0.0,cellranger-arc-2.0.0,cellranger-arc-2.0.0,cellranger-arc-2.0.0,cellranger-arc-2.0.0,cellranger-arc-2.0.0,cellranger-arc-2.0.0,cellranger-arc-2.0.0,cellranger-arc-2.0.0,cellranger-arc-2.0.0,cellranger-arc-2.0.0,cellranger-arc-2.0.0,cellranger-arc-2.0.0,cellranger-arc-2.0.0,cellranger-arc-2.0.0,cellranger-arc-2.0.0,cellranger-arc-2.0.0,cellranger-arc-2.0.0,cellranger-arc-2.0.0,cellranger-arc-2.0.0,cellranger-arc-2.0.0,cellranger-arc-2.0.0,cellranger-arc-2.0.0,cellranger-arc-2.0.0,cellranger-arc-2.0.0,cellranger-arc-2.0.0,cellranger-arc-2.0.0,cellranger-arc-2.0.0,cellranger-arc-2.0.0,cellranger-arc-2.0.0,cellranger-arc-2.0.0,cellranger-arc-2.0.0,cellranger-arc-2.0.0,cellranger-arc-2.0.0,cellranger-arc-2.0.0,cellranger-arc-2.0.0,cellranger-arc-2.0.0,cellranger-arc-2.0.0,cellranger-arc-2.0.0,cellranger-arc-2.0.0,cellranger-arc-2.0.0,cellranger-arc-2.0.0,cellranger-arc-2.0.0,cellranger-arc-2.0.0,cellranger-arc-2.0.0,cellranger-arc-2.0.0,cellranger-arc-2.0.0,cellranger-arc-2.0.0,cellranger-arc-2.0.0,cellranger-arc-2.0.0,cellranger-arc-2.0.0,cellranger-arc-2.0.0,cellranger-arc-2.0.0,cellranger-arc-2.0.0,cellranger-arc-2.0.0,cellranger-arc-2.0.0,cellranger-arc-2.0.0,cellranger-arc-2.0.0,cellranger-arc-2.0.0,cellranger-arc-2.0.0,cellranger-arc-2.0.0,cellranger-arc-2.0.0,cellranger-arc-2.0.0,cellranger-arc-2.0.0,cellranger-arc-2.0.0,cellranger-arc-2.0.0,cellranger-arc-2.0.0,cellranger-arc-2.0.0,cellranger-arc-2.0.0,cellranger-arc-2.0.0,cellranger-arc-2.0.0,cellranger-arc-2.0.0,cellranger-arc-2.0.0,cellranger-arc-2.0.0,cellranger-arc-2.0.0,cellranger-arc-2.0.0,cellranger-arc-2.0.0,cellranger-arc-2.0.0,cellranger-arc-2.0.0,cellranger-arc-2.0.0,cellranger-arc-2.0.0,cellranger-arc-2.0.0,cellranger-arc-2.0.0,cellranger-arc-2.0.0,cellranger-arc-2.0.0,cellranger-arc-2.0.0,cellranger-arc-2.0.0,cellranger-arc-2.0.0,cellranger-arc-2.0.0,cellranger-arc-2.0.0,cellranger-arc-2.0.0,cellranger-arc-2.0.0,cellranger-arc-2.0.0,cellranger-arc-2.0.0,cellranger-arc-2.0.0,cellranger-arc-2.0.0,cellranger-arc-2.0.0,cellranger-arc-2.0.0,cellranger-arc-2.0.0,cellranger-arc-2.0.0,cellranger-arc-2.0.0,cellranger-arc-2.0.0,cellranger-arc-2.0.0,cellranger-arc-2.0.0,cellranger-arc-2.0.0,cellranger-arc-2.0.0,cellranger-arc-2.0.0,cellranger-arc-2.0.0,cellranger-arc-2.0.0,cellranger-arc-2.0.0,cellranger-arc-2.0.0,cellranger-arc-2.0.0,cellranger-arc-2.0.0,cellranger-arc-2.0.0,cellranger-arc-2.0.0,cellranger-arc-2.0.0,cellranger-arc-2.0.0,cellranger-arc-2.0.0,cellranger-arc-2.0.0,cellranger-arc-2.0.0,cellranger-arc-2.0.0,cellranger-arc-2.0.0,cellranger-arc-2.0.0,cellranger-arc-2.0.0,cellranger-arc-2.0.0,cellranger-arc-2.0.0,cellranger-arc-2.0.0,cellranger-arc-2.0.0,cellranger-arc-2.0.0,cellranger-arc-2.0.0,cellranger-arc-2.0.0,cellranger-arc-2.0.0,cellranger-arc-2.0.0,cellranger-arc-2.0.0,cellranger-arc-2.0.0,cellranger-arc-2.0.0,cellranger-arc-2.0.0,cellranger-arc-2.0.0,cellranger-arc-2.0.0,cellranger-arc-2.0.0,cellranger-arc-2.0.0,cellranger-arc-2.0.0,cellranger-arc-2.0.0,cellranger-arc-2.0.0,cellranger-arc-2.0.0,cellranger-arc-2.0.0,cellranger-arc-2.0.0,cellranger-arc-2.0.0,cellranger-arc-2.0.0,cellranger-arc-2.0.0,cellranger-arc-2.0.0,cellranger-arc-2.0.0,cellranger-arc-2.0.0,cellranger-arc-2.0.0,cellranger-arc-2.0.0,cellranger-arc-2.0.0,cellranger-arc-2.0.0,cellranger-arc-2.0.0,cellranger-arc-2.0.0,cellranger-arc-2.0.0,cellranger-arc-2.0.0,cellranger-arc-2.0.0,cellranger-arc-2.0.0,cellranger-arc-2.0.0,cellranger-arc-2.0.0,cellranger-arc-2.0.0,cellranger-arc-2.0.0,cellranger-arc-2.0.0,cellranger-arc-2.0.0,cellranger-arc-2.0.0,cellranger-arc-2.0.0,cellranger-arc-2.0.0,cellranger-arc-2.0.0,cellranger-arc-2.0.0,cellranger-arc-2.0.0,cellranger-arc-2.0.0,cellranger-arc-2.0.0
Estimated.number.of.cells,"500-10,000",2749,6231,2813,5484,2825,12805,11994,4542,12799,11992,509,4544,17953,12392,12263,8176,12120,4681,13421,12323,2303,7757,10718,6409,8701,8667,20000,9499,7912,8942,6070,2894,915,20000,3319,5505,92,3825,2274,2985,56,3012,3494,4104,2713,2566,3499,4119,9517,8092,6923,11485,7068,4426,12282,11480,4861,5164,8626,5845,4776,4499,4267,4160,1483,5174,4005,6662,9250,8955,15428,7076,6960,5456,4464,3650,8653,994,6395,7044,5063,6024,5402,6301,6250,1492,5224,5362,3378,4459,5045,5682,2612,8715,8371,10518,8240,9426,8219,8022,16465,13124,9198,14849,6456,9174,3300,2589,4560,10780,9626,14040,9411,13800,17504,16514,17042,17707,5203,2625,3496,2063,4748,5861,2004,2150,3625,4762,2593,2039,4080,4713,6830,7043,6434,5680,4817,3278,2324,3070,4794,4716,12162,5857,8635,3821,3763,7895,2679,7711,8660,7343,9381,3660,12401,2987,4898,8604,7534,9760,6586,7487,9303,11899,4368,8104,5486,4848,7879,6432,5773,5749,5123,5433,1481,7319,6792,5903,6406,12138,9546,4135,8512,7597,6734,8819,1637,5086,10627,6852,9636,15428,6393,2014,3848,4795,5361,5186,4710,3469,20000,328,10361,11153,11971,7010,6443,5798,6307,7342,6001,5464,9120,5027,8375,1333,2003,1020,3677,11850,3279,8248,2449,5922,4574,3045,1833
Feature.linkages.detected,100<,3045,546377,20024,19071,20229,9186,110857,8954,47371,108136,5193,10536,87878,46750,98439,40101,190697,15995,154526,33344,1639,66030,46579,51901,31127,89271,1135,183180,308045,58770,63503,138921,785,104179,6803,52079,2083,9261,591,11169,0,32595,27578,24617,52091,58045,28273,27689,598897,2646599,1439041,37233,672512,72256,12483,36934,209126,49936,381482,19050,31930,347309,307907,116596,4685,66751,373498,129064,16160,21841,28749,666797,319159,38203,153730,51969,22996,460,130985,11917,174119,113772,86595,10878,10479,3664,116622,42854,297948,353333,31324,192895,138844,79975,134438,94863,285603,77926,76482,60227,272828,10778,33013,173581,18442,50479,7819,96053,43067,81732,119030,60303,126781,91035,17049,25125,43822,20009,23329,88457,2538,672,35611,1261,2418,22198,958,12099,3283,1217,9823,12994,47416,45571,121732,167153,21604,69990,12348,1220,155474,276082,9223,60860,88523,289292,2248,19580,18775,7917,8339,84043,7069,4071,34681,24949,3185,57210,2880,13431,14539,27816,58083,27318,5977,34435,22644,2165,40651,3948,4305,50239,50321,25825,686,18262,16475,24956,20097,8885,7351,4012,11388,100192,1318,6579,253,776296,22447,1280598,10369,28749,100156,10259,18971,1265,5783,14386,1554,1418,7759,5198,9413,112740,8215,25694,63384,17228,135452,59173,5303,51449,9843,2840,59936,1161,1102,519,195973,17532,144403,34699,16939,123803,17074,1008,28562
Linked.genes,Depends on depth,1637,17631,6076,5954,6194,3618,10502,2574,5663,10109,345,2873,10629,9096,9856,8180,12438,4319,12226,7282,888,7917,6326,5246,4339,8298,919,11865,11758,5979,6665,10394,617,8215,2846,6261,830,2996,479,2656,0,6813,5111,5643,5133,4102,5385,6572,11147,12516,11520,4891,15541,7685,3956,4831,11677,8682,12812,4357,8066,13849,11324,9913,2211,8995,14441,10835,4338,5227,7353,14912,14179,6575,10108,7647,6231,360,9785,4099,9204,8996,10430,2961,3036,1774,9338,6065,10926,13292,4737,10733,8745,8408,8513,12521,14559,7538,7439,7465,11218,3910,5757,12818,5857,7499,2945,8432,6936,7638,8106,7596,8430,8689,4796,5710,6420,5075,7062,10137,1681,544,3026,955,1288,5099,729,3557,2010,874,2241,2316,6634,6839,8883,9427,6128,7606,4518,917,12353,12941,3266,7263,9975,10019,1193,5640,3587,3398,3164,7043,2456,1795,5543,2606,1578,6035,1686,4338,3087,5561,5331,5746,1985,5787,4703,1417,6146,2110,1907,6926,7017,4945,516,4655,4759,3986,3943,3172,3289,2205,3866,9013,939,2170,224,11320,5857,13448,2567,7353,5875,2602,5165,666,1597,4540,848,646,2177,481,2502,9652,4132,5764,8297,4900,9306,6803,3011,8466,2823,1740,7817,909,857,413,7889,5577,11721,8269,4085,10967,4929,559,4165
Linked.peaks,Depends on depth,2155,79518,9419,8695,9556,10218,40751,11153,25509,40523,8359,12590,35494,27677,35285,22272,52216,12852,46200,24049,2065,35464,37881,35871,24403,59554,1224,50121,63946,45226,32313,32229,769,32647,3847,32041,1279,9001,652,14972,0,21062,11800,10649,23741,18786,11868,11113,56394,143532,99219,17488,62441,28370,16946,17435,47307,18442,62190,16155,15167,50056,52463,34158,2357,23707,73149,34289,12211,18038,11295,63734,48768,16161,42372,27265,15514,508,35020,8568,41869,33367,46010,10335,11788,2828,36552,16934,60260,53603,11260,36365,31028,20721,56515,56200,46440,32331,27526,24272,47606,6422,14091,53895,9588,14536,7133,38319,27793,39002,52550,41858,55155,50786,19451,25485,32578,20640,9075,33241,2503,630,19665,1343,2503,13399,1001,13772,3236,1261,12791,17129,21130,26254,42835,50333,9239,17028,4819,1251,37438,60365,8882,16483,24607,41064,1913,14851,10474,6056,7580,29426,5109,4674,19993,12680,3235,21132,2997,13416,7557,10936,13111,18972,3603,27116,16465,2027,17753,3819,3435,19003,18146,13334,660,8772,10479,8457,16089,8699,5822,1956,10483,36104,1225,5289,261,77667,15986,115762,13520,11295,28292,6701,10971,1556,8163,7686,1839,1862,8988,4165,11674,30143,6129,8763,18345,7348,19916,15296,3790,22443,7329,2915,12606,1114,957,513,42638,10185,52713,16180,9424,32327,9166,725,12352
ATAC.Confidently.mapped.read.pairs,80%<,0.8898,0.9086,0.8845,0.8928,0.8845,0.9155,0.9177,0.9106,0.9196,0.9177,0.9117,0.9116,0.9189,0.9165,0.9169,0.9131,0.907,0.9143,0.9182,0.9203,0.8698,0.922,0.908,0.9081,0.8967,0.9239,0.9057,0.9203,0.9244,0.9259,0.9192,0.9017,0.862,0.9072,0.8711,0.9061,0.7853,0.8995,0.8651,0.917,0.8403,0.8812,0.8979,0.8922,0.8956,0.8831,0.8979,0.8922,0.8472,0.8483,0.851,0.9127,0.8919,0.919,0.8964,0.9127,0.9164,0.8733,0.902,0.9216,0.9198,0.9064,0.91,0.9128,0.8859,0.9097,0.9264,0.8835,0.8916,0.8872,0.6875,0.8978,0.8974,0.8949,0.8868,0.8856,0.8819,0.8676,0.8832,0.8782,0.8898,0.8952,0.929,0.9183,0.9239,0.8583,0.9057,0.9049,0.8948,0.9093,0.9065,0.917,0.9004,0.8782,0.8855,0.885,0.9071,0.9099,0.9085,0.9175,0.9152,0.9034,0.9044,0.9203,0.8927,0.8972,0.8944,0.9005,0.8963,0.9154,0.913,0.9049,0.9062,0.9153,0.9187,0.9042,0.9036,0.9177,0.8849,0.914,0.8789,0.8735,0.9068,0.8799,0.8829,0.9115,0.8829,0.9057,0.8409,0.8723,0.9047,0.9126,0.8969,0.9002,0.912,0.9145,0.8909,0.9005,0.8825,0.8781,0.8959,0.9117,0.9042,0.8944,0.9185,0.9139,0.8803,0.914,0.9171,0.8974,0.9194,0.9145,0.9147,0.9158,0.9151,0.9268,0.8904,0.9118,0.8865,0.9189,0.9028,0.9133,0.9133,0.9274,0.9115,0.9256,0.924,0.9067,0.9227,0.9188,0.9097,0.9119,0.9092,0.9108,0.8686,0.9126,0.924,0.9166,0.9107,0.9042,0.9064,0.8866,0.9145,0.9249,0.8835,0.9129,0.8853,0.9326,0.9066,0.9314,0.9275,0.6875,0.8353,0.8755,0.7383,0.878,0.8883,0.8745,0.8646,0.8672,0.9309,0.1578,0.9251,0.9005,0.8926,0.8797,0.8751,0.8836,0.8955,0.874,0.8766,0.8816,0.9098,0.866,0.8845,0.8618,0.8656,0.86,0.9158,0.8958,0.9221,0.892,0.9185,0.8906,0.897,0.8629,0.8765
ATAC.Fraction.of.genome.in.peaks,75%>,0.0089,0.033,0.0191,0.0221,0.0191,0.0365,0.0478,0.0365,0.05,0.0478,0.0485,0.0391,0.0495,0.044,0.0529,0.0441,0.0491,0.0415,0.0502,0.048,0.018,0.0457,0.0518,0.046,0.0424,0.0495,0.0488,0.0476,0.0514,0.045,0.0494,0.0242,0.0046,0.0324,0.0104,0.0314,0.0114,0.0202,0.0062,0.0546,0.0137,0.0241,0.0166,0.0179,0.0257,0.0203,0.0166,0.0179,0.0376,0.0642,0.0501,0.0401,0.0371,0.0356,0.0338,0.0401,0.0352,0.0209,0.0405,0.0498,0.0416,0.0266,0.0323,0.0328,0.007,0.0253,0.0368,0.034,0.0315,0.0395,0.0188,0.0274,0.0281,0.0277,0.0308,0.0269,0.0263,0.004,0.0252,0.0159,0.0279,0.0262,0.0622,0.0482,0.0566,0.0124,0.0292,0.0254,0.0347,0.0306,0.0206,0.0265,0.0274,0.0242,0.0329,0.0419,0.0378,0.027,0.0236,0.024,0.0219,0.0137,0.0156,0.0333,0.0157,0.0231,0.0215,0.0295,0.0453,0.044,0.046,0.0448,0.0432,0.0475,0.0427,0.0449,0.0479,0.0444,0.0187,0.0362,0.0126,0.0031,0.0354,0.0068,0.0123,0.0298,0.0047,0.0358,0.0138,0.0072,0.0178,0.037,0.0313,0.0297,0.0253,0.0277,0.0149,0.0202,0.0108,0.0051,0.0252,0.0395,0.0302,0.0285,0.0224,0.0436,0.0144,0.0383,0.0256,0.0205,0.0298,0.034,0.0229,0.0245,0.0428,0.0398,0.0183,0.0225,0.0186,0.0254,0.0139,0.0217,0.0244,0.0356,0.0254,0.0387,0.0328,0.0157,0.0306,0.0207,0.0269,0.0299,0.0247,0.0279,0.0044,0.0192,0.0322,0.0219,0.0415,0.0302,0.0216,0.0078,0.0385,0.0412,0.0075,0.0238,0.0064,0.044,0.0273,0.0487,0.0565,0.0188,0.0552,0.0328,0.0248,0.0128,0.0342,0.0169,0.0175,0.0152,0.0613,0.0137,0.0487,0.0437,0.0175,0.0205,0.0208,0.0166,0.0276,0.0199,0.0116,0.024,0.0292,0.0134,0.0225,0.0062,0.0054,0.0044,0.0302,0.0219,0.032,0.0167,0.0226,0.0229,0.0164,0.0052,0.0189
ATAC.Fraction.of.high.quality.fragments.in.cells,NA,0.9093,0.7517,0.6672,0.6799,0.6674,0.9474,0.9497,0.9408,0.9479,0.9497,0.0321,0.9403,0.9704,0.9574,0.9292,0.9465,0.9113,0.937,0.9606,0.9564,0.6007,0.954,0.9238,0.9301,0.9178,0.9532,0.7244,0.9514,0.9505,0.9549,0.9449,0.8996,0.2338,0.7583,0.4917,0.865,0.5984,0.8257,0.2979,0.9395,2.00E-04,0.6528,0.8924,0.868,0.6949,0.7133,0.8929,0.8685,0.7896,0.8795,0.8475,0.9603,0.8237,0.9432,0.8268,0.9602,0.9432,0.4439,0.7588,0.9513,0.9267,0.9054,0.9005,0.7683,0.4792,0.6884,0.9286,0.6557,0.5533,0.5521,0.7391,0.9179,0.9091,0.8316,0.7574,0.7904,0.8784,0.0359,0.8297,0.5668,0.9138,0.8536,0.9398,0.9419,0.9532,0.2241,0.8674,0.9209,0.7841,0.8435,0.8909,0.9017,0.7671,0.681,0.8477,0.6026,0.884,0.9281,0.9016,0.9289,0.9043,0.8554,0.8022,0.868,0.6251,0.7441,0.8599,0.855,0.7895,0.8988,0.907,0.8014,0.7901,0.9153,0.9339,0.9262,0.9244,0.913,0.3354,0.6815,0.2224,0.0762,0.817,0.1665,0.2188,0.699,0.0833,0.7045,0.2011,0.1568,0.6803,0.7625,0.842,0.9022,0.5482,0.6399,0.4959,0.6942,0.4256,0.1006,0.4601,0.7567,0.924,0.6403,0.9208,0.9456,0.9029,0.846,0.9172,0.7444,0.9475,0.9158,0.8531,0.896,0.9078,0.9284,0.5375,0.9045,0.6985,0.8769,0.6915,0.8884,0.9213,0.8766,0.9105,0.9241,0.9316,0.8305,0.9614,0.8426,0.9077,0.8887,0.8376,0.9413,0.1678,0.9128,0.9125,0.9219,0.9482,0.924,0.9089,0.5087,0.9141,0.935,0.8363,0.7806,9.00E-04,0.9401,0.9022,0.9581,0.9153,0.7391,0.8885,0.7994,0.8335,0.2803,0.5579,0.5533,0.5675,0.2863,0.9178,0.2001,0.9596,0.9118,0.5933,0.5959,0.5123,0.4291,0.8143,0.6354,0.6263,0.5898,0.939,0.4638,0.8156,0.0587,0.3429,0.141,0.8146,0.5504,0.8874,0.5311,0.8505,0.6559,0.7128,0.3266,0.7462
ATAC.Fraction.of.high.quality.fragments.overlapping.TSS,NA,0.1782,0.2953,0.251,0.2436,0.251,0.4172,0.4284,0.4297,0.4079,0.4284,0.4396,0.4261,0.4195,0.4065,0.3799,0.4425,0.4371,0.4249,0.4159,0.3998,0.2844,0.4528,0.412,0.4346,0.4539,0.4095,0.4599,0.4292,0.4158,0.455,0.4333,0.3299,0.1556,0.37,0.1749,0.3289,0.3547,0.2197,0.1793,0.2464,0.1612,0.2883,0.3395,0.2759,0.4764,0.4476,0.3394,0.2759,0.1816,0.243,0.2028,0.2642,0.2217,0.2435,0.2324,0.2642,0.233,0.2238,0.2246,0.352,0.363,0.3566,0.4197,0.3832,0.176,0.3758,0.3286,0.3464,0.2762,0.3081,0.2402,0.3072,0.3138,0.3344,0.4072,0.3983,0.3312,0.0906,0.3248,0.339,0.4242,0.37,0.3591,0.3549,0.329,0.2122,0.3262,0.378,0.3321,0.3205,0.2809,0.3113,0.2764,0.2875,0.3099,0.3184,0.2569,0.3399,0.3179,0.3228,0.3112,0.244,0.2615,0.3019,0.2542,0.3073,0.3384,0.3061,0.3636,0.4533,0.4154,0.4673,0.4339,0.4346,0.5125,0.485,0.4739,0.5041,0.2938,0.4085,0.2772,0.1637,0.3489,0.1558,0.3399,0.3548,0.1473,0.4034,0.3676,0.2555,0.3561,0.4119,0.2754,0.2108,0.4676,0.4855,0.2325,0.2656,0.2147,0.1373,0.339,0.2739,0.2845,0.2634,0.2982,0.3455,0.2226,0.2893,0.3124,0.2358,0.3227,0.3767,0.2957,0.2844,0.3201,0.3024,0.2318,0.2816,0.2068,0.2714,0.2091,0.3046,0.2658,0.3279,0.2984,0.3812,0.3134,0.1951,0.3547,0.243,0.2896,0.3708,0.3053,0.3958,0.1224,0.2574,0.33,0.3008,0.4096,0.2845,0.2976,0.1836,0.3105,0.3651,0.1137,0.2229,0.1056,0.3504,0.2974,0.3294,0.3294,0.2402,0.2869,0.2824,0.215,0.2867,0.2822,0.229,0.2398,0.2399,0.3087,0.115,0.3987,0.3721,0.2492,0.2426,0.2987,0.293,0.2792,0.2679,0.2069,0.3166,0.3257,0.1655,0.302,0.1409,0.1734,0.1404,0.3683,0.252,0.2885,0.2415,0.3022,0.2849,0.2409,0.1504,0.3369
ATAC.Fraction.of.high.quality.fragments.overlapping.peaks,25%<,0.1269,0.364,0.2771,0.2875,0.277,0.5796,0.6112,0.58,0.6007,0.6112,0.623,0.5825,0.6119,0.5617,0.5652,0.6095,0.6233,0.5976,0.5995,0.5785,0.2841,0.7059,0.6851,0.6928,0.6852,0.6609,0.7145,0.6528,0.6466,0.6886,0.6964,0.3954,0.0701,0.472,0.141,0.4408,0.3666,0.2366,0.0811,0.5171,0.0834,0.3588,0.3432,0.307,0.6037,0.5145,0.3431,0.307,0.365,0.5909,0.4558,0.3603,0.2871,0.3203,0.2956,0.3603,0.3038,0.2045,0.3196,0.6682,0.5914,0.4296,0.5713,0.539,0.1031,0.4901,0.4351,0.5204,0.4762,0.4751,0.2422,0.3742,0.3954,0.4783,0.5373,0.4873,0.423,0.0274,0.3683,0.3406,0.5232,0.4503,0.6212,0.6021,0.5621,0.1823,0.4147,0.4792,0.4393,0.4226,0.2975,0.3809,0.3195,0.3266,0.4079,0.484,0.367,0.3968,0.345,0.3521,0.3154,0.2105,0.2459,0.3506,0.236,0.3384,0.3602,0.3835,0.6627,0.6931,0.6381,0.6948,0.6329,0.6656,0.7516,0.7213,0.7171,0.7465,0.3531,0.6258,0.3069,0.0708,0.5282,0.1024,0.3989,0.5421,0.076,0.6388,0.4604,0.2115,0.4229,0.5704,0.3234,0.2383,0.6081,0.6443,0.2208,0.3115,0.1621,0.065,0.443,0.3929,0.3907,0.3747,0.3072,0.5611,0.1951,0.4296,0.3778,0.2408,0.4285,0.5081,0.3406,0.353,0.5416,0.4991,0.2546,0.3291,0.2295,0.3321,0.1747,0.3333,0.3256,0.458,0.3779,0.5509,0.4334,0.1874,0.4546,0.2726,0.3695,0.482,0.3758,0.4664,0.033,0.2719,0.4548,0.3559,0.6215,0.3907,0.3454,0.1186,0.4909,0.5775,0.0726,0.2433,0.0474,0.5733,0.3317,0.5715,0.6551,0.2422,0.6023,0.4472,0.2648,0.3077,0.4959,0.2194,0.2728,0.2813,0.6007,0.1957,0.622,0.5388,0.2559,0.2553,0.3142,0.302,0.3537,0.2696,0.1488,0.3782,0.415,0.1053,0.3175,0.0516,0.0833,0.0476,0.4983,0.2746,0.3647,0.234,0.3779,0.3257,0.2263,0.0685,0.3927
ATAC.Fraction.of.transposition.events.in.peaks.in.cells,25%<,0.1112,0.33,0.2554,0.2669,0.2554,0.5361,0.5609,0.5353,0.5563,0.5609,0.5769,0.5374,0.5621,0.5193,0.5227,0.5661,0.5749,0.5546,0.5553,0.5356,0.2636,0.6649,0.6422,0.6474,0.643,0.6118,0.6681,0.6166,0.6077,0.6466,0.6569,0.3669,0.0637,0.4393,0.1304,0.4021,0.3305,0.2149,0.0754,0.4743,0.08,0.3323,0.3169,0.2818,0.5739,0.4824,0.3169,0.2817,0.3462,0.5628,0.4312,0.3188,0.2577,0.2795,0.2597,0.3188,0.2693,0.185,0.2903,0.6249,0.5453,0.3882,0.5221,0.4935,0.0914,0.4532,0.3927,0.4926,0.4503,0.4463,0.2186,0.3489,0.3688,0.4473,0.5087,0.4613,0.3996,0.0257,0.3457,0.3205,0.4931,0.4252,0.5744,0.5684,0.5169,0.1654,0.3688,0.4322,0.4094,0.3895,0.267,0.3434,0.2903,0.3019,0.3795,0.4575,0.3317,0.3582,0.3117,0.3145,0.2829,0.1904,0.2212,0.3173,0.2116,0.3091,0.3242,0.3447,0.6321,0.6326,0.581,0.643,0.5783,0.6075,0.691,0.663,0.6517,0.6758,0.3273,0.5751,0.2815,0.0651,0.4794,0.0938,0.3677,0.4981,0.0698,0.5877,0.4258,0.1966,0.3798,0.5265,0.2891,0.2101,0.5581,0.5936,0.2045,0.2897,0.1512,0.0607,0.4175,0.3677,0.3547,0.3489,0.2776,0.5253,0.1735,0.3887,0.3407,0.2184,0.3871,0.4568,0.3067,0.314,0.4862,0.4604,0.228,0.2875,0.2061,0.3019,0.1553,0.3039,0.2952,0.4182,0.3446,0.4972,0.3904,0.1646,0.4142,0.2389,0.3347,0.437,0.3413,0.4262,0.0288,0.2393,0.4123,0.3161,0.5708,0.3547,0.3078,0.1078,0.4486,0.5291,0.0664,0.2169,0.0429,0.5345,0.2977,0.5305,0.5992,0.2186,0.5597,0.4122,0.2424,0.283,0.4588,0.2017,0.2484,0.26,0.5449,0.193,0.5814,0.5003,0.2346,0.2373,0.2984,0.279,0.3251,0.2545,0.1382,0.3494,0.3836,0.0958,0.2909,0.0472,0.0766,0.0437,0.4594,0.2516,0.3279,0.2123,0.345,0.3004,0.2056,0.0613,0.3595
ATAC.Mean.raw.read.pairs.per.cell,5000<,53854.98,30685.64,30293.3,23232.31,30164.62,4499.541,28798.01,17509.58,27309.41,28802.82,740201.6,24265.95,24840.5,20131.75,23980.04,25263.56,37099.68,26002.47,26169.75,26919.97,17509.04,27382.96,18529.13,34505.67,24482.91,27231.87,14593.43,29082.71,31297.48,26536.91,41118.24,34044.76,158560.6,8764.906,43831.91,33743.9,893337.9,19963.96,29017.26,24062.07,931212.8,44285.36,20428.82,26941.5,28432.15,54853.7,20399.63,26843.39,22410.87,33755.5,34664.79,45203.99,65618.45,110301,48696.43,45223.67,120268,55556.07,55170.66,21932.85,53109.6,26881.63,30820.68,33180.46,96979.72,26851.33,31483.13,55034.49,46672.38,49135.4,27682.24,22551.06,25801.82,27376.4,35155.46,53241.65,15795.76,86208.35,33717.52,16932.24,22703.92,15684.32,27832.75,21324.19,25129.48,111501.1,32075.47,28182.91,63463.11,32628.35,31648.31,29707.88,61317.88,25198.71,25078.31,20503.47,44008.33,35538.39,67076.54,39454.02,37809.82,28229.11,36418.1,26837.64,30544.19,30615.17,49708.21,64999.87,22192.99,31275.27,31153.4,21816.48,27208.26,18593.82,19017.26,18832.88,65413.53,67522.43,27284.7,25938.15,22414.9,26453.98,94601.74,26425.59,28248.25,22254.79,32459.3,22506.49,33057.96,25994.15,18771.62,35310.85,59116.39,93605.94,24661.05,27912.37,24426.67,24513.55,44227.07,31711.34,24178.75,25117.85,29745.17,41298.38,37511.64,81660.12,54918.89,29442.64,98878.49,40258.88,27058.84,39266.96,34467.94,75163.99,22791.16,122621.2,54608.89,62736.25,36818.54,26187.63,85640.48,79019.41,63160.43,48819.2,154199.4,39814.35,51104.66,43322.98,36082.19,33899.12,56737.23,56930.64,51348.27,51960.15,154658,71099.41,64874.07,42532.34,50901.29,29803.98,30455.94,78926.2,39092.7,37978.38,26751.35,38316.29,159189.8,66174.74,26755.63,54118.2,28390.24,27682.24,21066.84,95013.27,42365.37,31477.31,36146.25,23709.36,32268.34,54394.31,24469.11,925179.3,20900.35,21580.39,8644.249,25092.97,24808.03,29953.35,34878.7,28140.85,25372.89,26479.42,28908.88,33163.65,27597.26,91176.57,24439.16,150026.5,46778.59,22257.09,34752.85,16638.09,32565.74,22718.59,12384.92,55904.14,36970.92
ATAC.Median.high.quality.fragments.per.cell,100<,12300,11791,6814,9307.5,6789,3241,17620,10606,17171,17622,14901,13673.5,16235,11834.5,15019,15170.5,19742.5,16016,16511,14785,6350,12048,9783,12444,11365,10035,4692,15567,17034,12528.5,15618,15035,8929,3333.5,5370,11264,64342,3834,3834,14277,51,6950.5,8009,10202,8003,10874.5,8005,10141,8015,8897.5,7640,18825,15363,34313,5160.5,18838,41048,8108.5,13387,13481,30448.5,12367,10788,8059,14765,7802.5,10754,14722.5,13866,10876,7425.5,8788,10181.5,9150.5,10183.5,9068,4820,1821,8271,3556.5,8362,5609,10307,12301,15886,11533,8028,7583,12781,10752,13290,10195,18880,6879,4090,3396,21683.5,12831.5,18443,15097,5490,8304,10411,12846,6174,10039.5,11571,11975,7763,8022,9717,4982,7304,6173.5,5608,9142,14849,7746,5557,7749,2958.5,1277,9749,2790,2509.5,4970,1980,5302.5,2964,1927,594,9484,14888.5,19951,4367.5,5124,5058,7414.5,8608.5,1838.5,4725,8986.5,9056.5,10104,15680,33201,11844,12834,16449,14656,10910.5,12500,11404,14409.5,7882,29680,12712,19016.5,7903,5837,18814.5,27652,25808,13409,43369,10397.5,21324,15228,14112,10209,20085,14321,15828,13858,8161,14190,22427.5,16537,14887.5,9073,9006.5,18283,14068,11627,11731.5,10717,61,28602.5,13667,25005.5,11215,7425.5,8815,23468.5,18186.5,5387,9678,5376,7294.5,7049,9900.5,2085,10336,9621,2433,6042,6001,6315,11376,8594,7593,3968,14982,6676,9486,2360,3246,7501.5,13639,5867,9425,4048,8011,5312,3309,8212,7314
ATAC.Non.nuclear.read.pairs,10%>,0.0423,0.0133,0.0438,0.0106,0.0438,0.008,0.0082,0.0096,0.0078,0.0082,0.0072,0.0095,0.0067,0.0078,0.007,0.0088,0.0116,0.0077,0.0062,0.0054,0.0076,0.009,0.0098,0.0126,0.0186,0.005,0.0147,8.00E-04,0.0023,0.0026,0.0015,0.0074,0.0175,0.0316,0.0168,0.018,0.0393,0.0218,0,7.00E-04,0.0039,0.0995,0.0378,0.0534,0.0617,0.0568,0.0378,0.0534,0,0,0,0.0071,0.0065,0.0022,0.0057,0.0071,0.0028,0.0045,0.0095,7.00E-04,0.0028,0.0044,0.0123,0.0358,0.0106,0.0089,0.0109,0.0243,0.0048,0.0151,0.0361,0.0168,0.0213,0.0425,0.0798,0.0905,0.0912,0.0033,0.0604,0.0419,0.06,0.0453,0.0039,6.00E-04,5.00E-04,0.0059,0.0161,0.0513,0.0839,0.019,0.0176,0.0413,0.035,0.0208,0.0575,0.0294,0.0076,0.0058,0.0033,0.0058,0.0126,0.0031,0.0035,0.0125,0.0104,0.0133,0.0083,0.0034,0.0283,0.0035,0.0024,0.0115,0.0052,0.0044,0.0085,0.0054,0.0055,0.0088,0.0033,0.0058,0.0028,0.0131,0.0084,0.0024,0.0077,0.0072,0.0028,0.0188,0.0335,0.0013,0.0169,0.0059,0.0084,0.0093,7.00E-04,0.0012,0.0077,0.0039,0.0049,0.0014,0.0118,0.0177,0.0254,0.0342,0.0114,0.0656,0.1006,0.0091,0.0325,0.021,0.0078,0.0094,0.0094,0.0157,0.0109,0.0042,0.0205,0.0231,0.0134,0.0081,0.0076,0.0086,0.0117,0.0096,0.0119,0.0056,0.0079,0.0248,0.008,0.0098,0.0077,0.0206,0.0092,0.0256,0.0225,0.011,0.0206,0.0057,0.0101,0.0254,0.0154,0.0234,0.0089,0.0093,0.0108,0.0134,0.0135,0.0044,0.005,0.0091,0.0097,0.0361,0.0122,0.0485,0.0077,0.0068,0.0066,0.0311,0.0699,0.0385,0.0023,0.0025,0.0113,0.023,0.007,0.0185,0.0096,0.0159,0.0226,0.0102,0.0057,0.0317,0.0016,0.0251,0.0302,0.0098,0.0036,0.0057,0.0102,0.0067,0.0041,0.0079,0.0108,0.012,0.0184,0.0062,0.01
ATAC.Number.of.peaks,Variable,32148,119885,68444,78865,68444,131739,174623,131328,182027,174623,176444,140850,179286,159516,192486,159870,178672,149204,182693,174645,63977,165054,187374,166170,153269,179083,176994,172592,186699,162854,178405,86295,16661,115934,37197,114358,41031,72878,21579,197748,47157,86978,59014,64616,91868,72184,59014,64616,104395,180552,139529,148894,139194,131362,124593,148894,129279,77041,150677,179631,150611,95720,115761,117832,25342,90718,133515,121403,112768,144236,68745,98697,101039,99135,109263,96061,92625,14070,89751,56335,99393,92918,225604,174159,206143,44658,105118,91202,125039,110237,74664,95336,99562,87990,119766,148000,139997,97195,85415,86284,79603,49622,55991,120677,56250,83034,77484,106189,162190,159685,166933,162434,156651,173025,154097,162490,173993,160647,66742,129682,45198,11000,128575,24819,43805,106810,17059,127550,49186,25680,63732,133196,115797,110450,91105,99949,53511,71593,37828,18128,90550,140609,109744,103193,81251,157151,52013,139402,92231,74385,107005,123113,83017,88307,156098,144356,66220,81531,67591,91325,50487,78179,87648,129641,91404,139481,118224,56805,110488,74621,97833,107772,89290,100361,16234,69437,116330,78889,150362,109744,78075,28267,139975,149565,27309,87397,23503,160542,98543,176778,205384,68745,198880,118783,89863,45914,123439,60211,62499,54814,223552,49058,176068,158035,63288,73174,72040,60111,99589,69369,41632,85304,106201,47365,81324,22048,19009,15801,108366,79713,115603,60722,81085,82934,59101,18732,67405
ATAC.Percent.duplicates,Variable,0.1221,0.1472,0.0944,0.1457,0.0944,0.09,0.2406,0.2225,0.2058,0.2406,0.2593,0.2742,0.2007,0.2039,0.1827,0.2534,0.3025,0.2526,0.2405,0.2544,0.1936,0.4143,0.3377,0.5435,0.4253,0.4322,0.3505,0.3661,0.3892,0.4003,0.5215,0.3639,0.4979,0.2096,0.2063,0.1663,0.8152,0.1718,0.1614,0.1504,0.0807,0.2599,0.261,0.2371,0.3589,0.5924,0.261,0.2371,0.1811,0.2884,0.2278,0.181,0.2545,0.297,0.6401,0.181,0.2877,0.2154,0.2465,0.2269,0.2599,0.2805,0.3765,0.1545,0.3434,0.1667,0.173,0.2522,0.2167,0.2562,0.1455,0.1803,0.1843,0.2569,0.3671,0.4627,0.2041,0.0991,0.2578,0.1667,0.34,0.2441,0.2943,0.1571,0.1719,0.2343,0.5511,0.431,0.3064,0.2734,0.3493,0.2478,0.2577,0.162,0.2041,0.2061,0.2029,0.3512,0.4106,0.3341,0.3996,0.2377,0.2557,0.2422,0.3932,0.3621,0.5414,0.6786,0.2738,0.5795,0.4967,0.5251,0.4516,0.4269,0.5119,0.3633,0.6945,0.8057,0.1497,0.3242,0.1006,0.1235,0.5987,0.12,0.1751,0.1445,0.1281,0.2902,0.1991,0.1056,0.8123,0.35,0.4815,0.3213,0.3983,0.454,0.2099,0.246,0.2193,0.0759,0.2179,0.2005,0.1748,0.1352,0.2246,0.2268,0.3279,0.0917,0.2913,0.1987,0.1639,0.2614,0.1501,0.2694,0.1303,0.2689,0.1967,0.3159,0.168,0.2275,0.3066,0.2928,0.299,0.2245,0.4081,0.3165,0.2088,0.1681,0.1766,0.243,0.2884,0.3354,0.1709,0.2617,0.1908,0.5378,0.2402,0.2572,0.3032,0.1748,0.3003,0.2052,0.209,0.1768,0.1423,0.1565,0.2723,0.2234,0.251,0.2814,0.1968,0.1455,0.228,0.3542,0.1768,0.1556,0.2655,0.1817,0.2405,0.1935,0.1632,0.5939,0.3282,0.2759,0.0765,0.1943,0.2895,0.2738,0.3457,0.3214,0.1284,0.4994,0.2905,0.1722,0.2486,0.1173,0.1386,0.146,0.336,0.1022,0.3088,0.0993,0.1227,0.1112,0.0642,0.0965,0.5191
ATAC.Q30.bases.in.barcode,ideally >65%,0.9095,0.9273,0.9279,0.9332,0.9279,0.9225,0.9227,0.9263,0.8754,0.9227,0.9101,0.9074,0.9004,0.863,0.9056,0.9116,0.928,0.8742,0.8706,0.8803,0.9494,0.9541,0.9488,0.9538,0.9508,0.9316,0.9404,0.9526,0.9518,0.9504,0.9556,0.9543,0.9513,0.9498,0.9304,0.9307,0.94,0.9348,0.9551,0.927,0.9447,0.8741,0.8775,0.8732,0.8478,0.8497,0.8775,0.8732,0.8541,0.8437,0.8404,0.9158,0.9262,0.9253,0.9306,0.9158,0.923,0.9375,0.9273,0.934,0.9357,0.9356,0.9344,0.9323,0.9255,0.9391,0.9361,0.8429,0.8538,0.8563,0.9122,0.9247,0.9199,0.9474,0.9468,0.9482,0.9497,0.9377,0.946,0.9472,0.9481,0.9503,0.9186,0.8747,0.9143,0.9359,0.929,0.9375,0.9344,0.9264,0.9381,0.9333,0.932,0.9281,0.928,0.943,0.9367,0.9344,0.9326,0.9313,0.9349,0.9294,0.9284,0.9341,0.938,0.9319,0.9264,0.9405,0.9446,0.9386,0.9325,0.9401,0.9428,0.9304,0.9413,0.9368,0.9364,0.9423,0.9318,0.9335,0.9278,0.9435,0.9298,0.9368,0.9425,0.9268,0.942,0.9376,0.9387,0.9301,0.9265,0.9254,0.9239,0.9181,0.9378,0.9343,0.8627,0.8336,0.862,0.8506,0.8485,0.8487,0.9217,0.915,0.9126,0.9196,0.9198,0.9013,0.9087,0.9173,0.8968,0.9001,0.8991,0.8938,0.9155,0.8586,0.9027,0.9188,0.9259,0.8674,0.9096,0.9091,0.9066,0.909,0.9127,0.8991,0.895,0.8943,0.9085,0.9021,0.9249,0.906,0.9131,0.9046,0.9189,0.9068,0.9137,0.9037,0.9038,0.9217,0.9067,0.9091,0.9251,0.9114,0.893,0.9133,0.9072,0.913,0.8837,0.9147,0.9203,0.9122,0.8965,0.9116,0.899,0.907,0.9112,0.9351,0.9408,0.9096,0.9038,0.9407,0.8589,0.8659,0.924,0.8624,0.8636,0.9046,0.9034,0.8475,0.8515,0.9045,0.8872,0.8651,0.8757,0.9055,0.9059,0.9124,0.9018,0.889,0.9179,0.921,0.8636,0.9275,0.9193,0.926,0.9246
ATAC.Q30.bases.in.read.1,ideally >65%,0.9517,0.9552,0.9594,0.9624,0.9594,0.9484,0.9584,0.9598,0.9156,0.9584,0.9461,0.9514,0.9011,0.9203,0.9384,0.948,0.9582,0.9338,0.9342,0.9243,0.9636,0.9496,0.9478,0.964,0.9694,0.9339,0.961,0.9743,0.9724,0.9635,0.9511,0.9659,0.9661,0.9708,0.9569,0.9426,0.9503,0.9586,0.9727,0.9462,0.9627,0.9219,0.9038,0.9109,0.9361,0.9375,0.9038,0.9109,0.9428,0.9394,0.9429,0.9546,0.955,0.9519,0.9579,0.9546,0.9547,0.9541,0.9565,0.9363,0.9371,0.9565,0.9632,0.9598,0.9585,0.9631,0.9483,0.9433,0.9437,0.9396,0.9573,0.9614,0.9416,0.9454,0.9593,0.9549,0.9594,0.9668,0.9518,0.9661,0.9616,0.9364,0.9371,0.9077,0.9525,0.9638,0.9583,0.9607,0.9515,0.9522,0.9582,0.953,0.9512,0.9663,0.9664,0.9694,0.9581,0.9392,0.9547,0.955,0.9497,0.9581,0.9543,0.9548,0.9257,0.962,0.9565,0.9595,0.9676,0.9449,0.9478,0.9634,0.9467,0.9599,0.9433,0.9593,0.9633,0.9475,0.949,0.9587,0.9535,0.948,0.9585,0.9579,0.9436,0.9335,0.9568,0.9576,0.9479,0.9544,0.9575,0.9592,0.9497,0.9491,0.9485,0.9503,0.9443,0.9405,0.9385,0.9412,0.9256,0.9406,0.9597,0.9512,0.9386,0.9431,0.9341,0.9379,0.9428,0.9291,0.942,0.9442,0.9494,0.9475,0.9495,0.9296,0.9387,0.9353,0.96,0.9185,0.9462,0.9465,0.9481,0.9461,0.927,0.9487,0.9418,0.9289,0.9445,0.9304,0.9567,0.938,0.9271,0.9467,0.9236,0.9449,0.9313,0.9271,0.9456,0.9597,0.9389,0.948,0.9576,0.9394,0.9422,0.931,0.9503,0.9461,0.9345,0.9481,0.9561,0.9573,0.9429,0.9277,0.9486,0.9516,0.9489,0.964,0.9359,0.9412,0.9486,0.955,0.9274,0.9245,0.9412,0.9273,0.9399,0.9497,0.9452,0.9387,0.9416,0.935,0.9339,0.9299,0.9506,0.952,0.953,0.9473,0.9492,0.9234,0.9499,0.9517,0.9178,0.9599,0.9501,0.9527,0.9471
ATAC.Q30.bases.in.read.2,ideally >65%,0.9217,0.9418,0.9434,0.9481,0.9434,0.938,0.9384,0.9425,0.9041,0.9384,0.9287,0.9283,0.9123,0.8939,0.9243,0.9327,0.9437,0.9011,0.8993,0.905,0.9589,0.9617,0.9554,0.9609,0.9583,0.9423,0.9495,0.9609,0.9609,0.9567,0.9632,0.9607,0.9567,0.9588,0.9431,0.9406,0.9549,0.9475,0.9618,0.9399,0.9583,0.903,0.9043,0.8991,0.9213,0.9259,0.9043,0.8991,0.9273,0.9274,0.9254,0.9305,0.9393,0.9381,0.9444,0.9305,0.9364,0.9496,0.9399,0.9344,0.9475,0.9416,0.9416,0.9418,0.9304,0.9468,0.9411,0.9201,0.9306,0.932,0.93,0.928,0.902,0.9571,0.9561,0.9582,0.9597,0.9475,0.9565,0.956,0.9577,0.9576,0.9343,0.8907,0.9303,0.9459,0.9356,0.9432,0.9417,0.9413,0.9434,0.9453,0.943,0.9407,0.9398,0.9561,0.9521,0.9471,0.947,0.9446,0.9493,0.9445,0.9418,0.9509,0.9379,0.9383,0.9337,0.9479,0.9577,0.9455,0.9373,0.9472,0.9485,0.9378,0.9476,0.9433,0.9454,0.9506,0.9348,0.9475,0.9307,0.9478,0.9382,0.9448,0.9564,0.9308,0.9548,0.9524,0.9426,0.9327,0.9387,0.9344,0.9362,0.9302,0.9489,0.9484,0.9219,0.9214,0.9307,0.9214,0.9249,0.9258,0.9382,0.9312,0.9328,0.9352,0.9312,0.9169,0.9278,0.9375,0.9236,0.9248,0.9218,0.915,0.9306,0.8955,0.9198,0.9324,0.9404,0.8936,0.9322,0.927,0.9314,0.9319,0.9339,0.9243,0.9161,0.9111,0.93,0.918,0.9406,0.9246,0.9324,0.9298,0.9322,0.9287,0.9328,0.9223,0.9303,0.9382,0.9261,0.9301,0.9405,0.9345,0.906,0.9331,0.9266,0.9328,0.904,0.9334,0.9374,0.93,0.9212,0.9295,0.9191,0.9325,0.9328,0.9457,0.9526,0.9272,0.9225,0.9507,0.8905,0.8946,0.9367,0.9259,0.9302,0.9259,0.927,0.9299,0.9235,0.9288,0.9373,0.9198,0.9287,0.9251,0.9251,0.9305,0.9252,0.9082,0.9301,0.9312,0.8931,0.9419,0.9311,0.9362,0.9338
ATAC.Q30.bases.in.sample.index.i1,ideally >90%,0.9325,0.9357,0.9495,0.9464,0.9495,0.9541,0.9368,0.9503,0.8943,0.9368,0.9254,0.9309,0.8485,0.8822,0.9194,0.9269,0.9194,0.8874,0.8709,0.8774,0.9338,0.8926,0.9436,0.9425,0.9544,0.9057,0.9083,0.9388,0.9517,0.931,0.9159,0.9459,0.9361,0.9587,0.9191,0.9333,0.9298,0.9256,0.9353,0.9163,0.9341,0.8897,0.8793,0.8904,0.8827,0.9004,0.8793,0.8904,0.881,0.9189,0.9149,0.9144,0.9284,0.9111,0.8887,0.9144,0.9192,0.9297,0.9129,0.9092,0.9145,0.9173,0.8915,0.9422,0.9242,0.8861,0.9096,0.9073,0.9084,0.9067,0.9184,0.9256,0.9153,0.8933,0.9288,0.9061,0.9382,0.9471,0.9236,0.923,0.9385,0.9351,0.9193,0.8293,0.9308,0.9093,0.9321,0.9171,0.9015,0.9171,0.9305,0.929,0.9136,0.93,0.9275,0.9457,0.8968,0.9163,0.9349,0.9297,0.9512,0.9224,0.8801,0.9356,0.8954,0.9351,0.9285,0.9379,0.9161,0.9195,0.8921,0.8674,0.9065,0.8755,0.9043,0.9329,0.9343,0.9122,0.9419,0.9044,0.9258,0.937,0.935,0.9301,0.9448,0.9033,0.9418,0.9271,0.9318,0.9386,0.9343,0.9311,0.907,0.9222,0.9311,0.9418,0.902,0.8785,0.9107,0.9174,0.8907,0.9124,0.9455,0.88,0.8716,0.9096,0.9013,0.9139,0.8994,0.8889,0.9104,0.8999,0.8804,0.8616,0.9205,0.8932,0.901,0.9135,0.9527,0.8805,0.9034,0.8744,0.8967,0.8902,0.8648,0.9116,0.8718,0.8664,0.8707,0.8737,0.9568,0.8864,0.861,0.9068,0.9114,0.8974,0.8879,0.8736,0.8864,0.9455,0.9037,0.9066,0.9032,0.9004,0.9155,0.8836,0.8956,0.9322,0.8961,0.8715,0.9306,0.9184,0.9299,0.9156,0.865,0.9289,0.9072,0.9358,0.9015,0.9163,0.9085,0.9376,0.8773,0.8633,0.9396,0.8932,0.9036,0.9237,0.9256,0.9098,0.908,0.899,0.9147,0.9098,0.9018,0.9208,0.8708,0.9181,0.8881,0.8874,0.914,0.8805,0.8791,0.9514,0.9172,0.8772,0.9262
ATAC.Sequenced.read.pairs,Variable,148047348,191202246,85215056,127406007,85215056,57616621,345403373,79528495,349533106,345403373,376762617,110264470,445961469,249472623,294067186,206554872,449648141,121717566,351224273,331734785,40323314,212409648,198595184,221146835,213025791,236018628,291868640,276256627,247625653,237293026,249587714,98525548,145082993,175298129,145478101,185760194,82187088,76362136,65985255,71825270,52147915,133387509,71378310,110567915,77136436,140754605,71378310,110567915,213284243,273149495,239984325,519167784,463791193,488192108,598089606,519167784,584622696,286891571,475902092,128197530,253651434,120940475,131511837,138030725,143820918,138928756,126089928,366639797,431719511,440007550,427081536,159571272,179580697,149365650,156933975,194332040,136680738,85691103,215623537,119270715,114949940,94482371,150352494,134363717,157059264,166359612,167562267,151116782,214378386,145489810,159665749,168800159,160162298,219606742,209930520,215655518,362628654,334984874,551302091,316500151,622538635,370478808,334973644,398512061,197193284,280863538,164037104,168284659,101200032,337147425,299882639,306303434,256056942,256594687,332878070,311006238,1114777426,1195619730,141962294,68087641,78362490,54574569,449169040,154880381,56609489,47847799,117664951,107175885,85719282,53002068,76588230,166420048,403764952,659266620,158669192,158542250,117663249,80355415,102783707,97353827,115912915,118455762,361760714,241884587,323913021,312023300,206659781,232449638,264895476,310436256,234329595,288337278,323343725,275100206,282633120,366269585,267474331,539782726,277390892,255591267,564028221,591618349,587581463,580899661,673542807,322655506,280360152,210029797,284291594,218039144,327544023,327294271,263057181,282299498,229048523,520376558,440624700,251068428,326073665,361760714,290732425,326359857,332757026,288521766,180143621,337911391,260593631,336564729,284332055,370817923,273568349,427081536,134680336,191356721,163021933,150933686,193780045,122956754,151983859,188693867,489382197,303458798,216548534,240686049,103480308,175901724,159838165,173669501,219979960,206610108,152262727,144683571,263649029,166713666,231127023,121538370,48951642,153027005,172004876,263746510,113954592,137230971,79753507,134539471,56648604,170228105,67767701
ATAC.TSS.enrichment.score,5<,4.1603,5.7535,5.5252,5.5805,5.5252,8.1629,8.1805,8.1476,8.2631,8.1805,8.6171,8.1621,7.8226,8.0102,7.8029,8.83,8.4427,8.3118,8.2862,7.8909,5.5707,9.3359,8.926,9.2835,9.759,8.5989,9.2096,9.2156,8.8258,9.4347,9.4591,7.8629,2.9531,7.7281,4.3345,7.4138,6.9107,4.889,3.5127,5.8632,1.8886,6.2995,6.2961,5.5789,11.0911,8.7338,6.2961,5.5789,6.1184,10.0256,7.3675,5.2574,4.3544,4.3732,4.1639,5.2574,4.5615,3.4292,4.6235,7.0008,6.9577,7.1579,8.8481,8.1656,3.7311,8.072,7.2861,7.752,6.2402,6.1403,4.7892,7.1511,7.3441,6.499,8.6943,9.5196,6.9753,2.2752,6.8492,6.2912,8.7108,7.9516,8.169,9.0126,7.5733,3.9731,6.9269,7.0364,7.6343,7.0897,5.6604,6.5692,4.857,5.692,8.0782,7.2749,4.9774,7.3564,6.4792,6.6495,6.5777,5.6697,5.1235,6.1737,4.4033,5.5184,6.9248,7.1451,8.4508,8.5419,8.13,8.4349,7.7948,8.2928,9.0647,8.3563,8.0449,8.6886,5.3354,7.6167,4.0485,2.3824,6.2753,2.7184,5.2535,6.5951,2.4714,7.4992,5.2687,3.9023,7.5455,8.6061,4.9407,3.9547,8.5197,8.9783,4.595,6.3823,4.0062,2.383,7.1901,6.9357,5.976,5.6519,6.1065,8.3891,3.8605,5.7825,7.0697,4.8821,6.8801,7.8355,5.6292,6.6122,7.0871,6.8169,4.7576,5.4366,4.1699,6.8997,3.9755,6.6391,6.4297,7.1142,7.2807,8.7197,6.8124,4.1813,7.9143,5.4739,6.267,8.4441,6.9564,8.2882,1.9469,5.5631,7.0141,6.092,10.2373,5.976,6.4703,3.9435,6.683,8.3609,5.2136,3.7032,1.8037,8.3949,5.9085,7.4918,7.1646,4.7892,6.7035,6.5765,4.6183,4.2573,5.4572,4.4343,4.3894,3.9134,6.2729,5.7241,9.6748,8.7932,5.9009,5.0538,6.2847,5.3647,6.037,6.4052,4.1897,6.4092,7.8122,2.9782,5.8875,1.9863,2.9091,2.1136,8.3709,5.7082,6.2394,4.7832,6.7931,6.2669,4.6289,2.4729,7.4972
ATAC.Unmapped.read.pairs,NA,0.0132,0.0103,0.0101,0.0094,0.0101,0.0123,0.0119,0.0138,0.0105,0.0119,0.0115,0.0136,0.0091,0.0099,0.0106,0.0122,0.0119,0.0127,0.0105,0.0093,0.0113,0.0112,0.0134,0.0205,0.0163,0.013,0.0138,0.0097,0.0101,0.0111,0.0121,0.0139,0.0275,0.0114,0.0103,0.0112,0.1384,0.0111,0.0102,0.0158,0.0065,0.01,0.013,0.01,0.0212,0.0239,0.013,0.01,0.065,0.0912,0.0725,0.0112,0.0128,0.0093,0.0135,0.0112,0.0091,0.014,0.011,0.011,0.01,0.0136,0.0154,0.0113,0.0152,0.01,0.0115,0.01,0.008,0.0092,0.2045,0.0113,0.0141,0.0083,0.0115,0.0102,0.0076,0.0111,0.0076,0.0069,0.017,0.0097,0.0143,0.0222,0.014,0.0129,0.0227,0.017,0.0114,0.0126,0.0152,0.0077,0.0112,0.0091,0.0103,0.0088,0.0067,0.0077,0.0075,0.0076,0.0074,0.0073,0.0071,0.0069,0.0104,0.0114,0.0219,0.0264,0.01,0.0189,0.0188,0.0159,0.0132,0.0172,0.0154,0.0151,0.0161,0.0165,0.0077,0.01,0.0074,0.0054,0.0137,0.0061,0.006,0.008,0.005,0.0076,0.0123,0.0064,0.0241,0.013,0.0119,0.0088,0.0081,0.009,0.0108,0.0135,0.0098,0.0079,0.0111,0.0104,0.0111,0.0081,0.0089,0.0082,0.0089,0.0107,0.0104,0.0082,0.0099,0.0101,0.0103,0.0104,0.0107,0.0101,0.01,0.0106,0.0125,0.0091,0.0086,0.0092,0.0089,0.009,0.0083,0.01,0.0102,0.011,0.0092,0.0104,0.0122,0.0116,0.009,0.0108,0.0089,0.011,0.0091,0.01,0.0109,0.0111,0.0098,0.0081,0.0114,0.009,0.0128,0.0087,0.0098,0.0088,0.0123,0.0088,0.0108,0.2045,0.0899,0.0283,0.1712,0.0079,0.0095,0.0103,0.0087,0.0091,0.0092,0.7342,0.0118,0.0107,0.011,0.01,0.0118,0.0121,0.0119,0.0119,0.0091,0.0166,0.0106,0.0112,0.011,0.0086,0.0105,0.0085,0.0123,0.01,0.0138,0.0092,0.0096,0.0112,0.0095,0.0075,0.0312
ATAC.Valid.barcodes,85%<,0.9794,0.9836,0.9868,0.9872,0.9868,0.9827,0.9855,0.9867,0.9766,0.9855,0.9835,0.9836,0.9825,0.9721,0.9832,0.9847,0.9865,0.9768,0.9763,0.9747,0.9886,0.9902,0.9893,0.9909,0.9906,0.986,0.9881,0.9892,0.989,0.9901,0.9907,0.9896,0.9906,0.9903,0.9835,0.9839,0.9812,0.9831,0.9902,0.9862,0.9884,0.9757,0.9766,0.9773,0.959,0.9629,0.9766,0.9773,0.9658,0.9602,0.9579,0.9821,0.9841,0.9861,0.9879,0.9821,0.9841,0.9877,0.9834,0.9854,0.9859,0.9851,0.9843,0.9843,0.9813,0.9858,0.9836,0.962,0.9655,0.964,0.9762,0.9828,0.9827,0.9887,0.9881,0.9898,0.9899,0.9878,0.9887,0.9897,0.9891,0.9895,0.982,0.9543,0.9816,0.9859,0.9833,0.9862,0.987,0.9845,0.9852,0.9871,0.9867,0.986,0.9848,0.9874,0.9884,0.9865,0.9856,0.9866,0.9888,0.9852,0.9869,0.9866,0.9879,0.9866,0.9849,0.9852,0.9889,0.9866,0.9837,0.9865,0.987,0.9844,0.9861,0.9859,0.9848,0.9858,0.9869,0.9863,0.9871,0.9885,0.9849,0.9874,0.9862,0.9865,0.9868,0.9856,0.9886,0.9871,0.9862,0.9823,0.9866,0.9854,0.9885,0.9879,0.9681,0.9426,0.9701,0.9647,0.9642,0.9629,0.9816,0.9791,0.9786,0.9809,0.9812,0.9813,0.9772,0.9774,0.9728,0.9746,0.9728,0.9734,0.9812,0.9718,0.9742,0.9826,0.9835,0.9768,0.9753,0.9784,0.9758,0.9791,0.9767,0.9756,0.9708,0.9711,0.9781,0.9749,0.9837,0.9765,0.9786,0.9764,0.9804,0.9753,0.9787,0.9752,0.9765,0.9816,0.9752,0.9746,0.9829,0.9789,0.9702,0.9786,0.9749,0.9783,0.9777,0.9787,0.9824,0.9762,0.9762,0.981,0.9744,0.9771,0.979,0.9833,0.9851,0.9786,0.9805,0.9882,0.9726,0.975,0.9859,0.9664,0.9632,0.9772,0.9789,0.9613,0.966,0.9772,0.9695,0.9697,0.9684,0.9787,0.9789,0.98,0.9728,0.9812,0.9846,0.9846,0.9747,0.986,0.9841,0.9862,0.9861
GEX.Fraction.of.transcriptomic.reads.in.cells,60%<,0.8598,0.9513,0.7178,0.8276,0.7016,0.8395,0.8311,0.852,0.8396,0.8313,0.0096,0.8519,0.8922,0.865,0.7708,0.8285,0.8635,0.8213,0.8396,0.8082,0.8387,0.8711,0.9106,0.9152,0.9183,0.8025,0.4275,0.8157,0.8433,0.8578,0.874,0.9337,0.3251,0.8125,0.7433,0.8719,0.4288,0.8278,0.3434,0.8736,0.0168,0.6982,0.768,0.7203,0.8764,0.8302,0.7679,0.7207,0.835,0.9377,0.871,0.9805,0.9262,0.9662,0.9429,0.9805,0.9588,0.7865,0.9236,0.8548,0.8353,0.9595,0.9275,0.9274,0.5427,0.9215,0.9454,0.8363,0.8187,0.7243,0.6204,0.9298,0.9252,0.8736,0.8196,0.8596,0.8295,0.1378,0.819,0.784,0.8169,0.7636,0.8757,0.8408,0.8487,0.365,0.9439,0.966,0.8401,0.9078,0.9243,0.8625,0.9143,0.8886,0.7885,0.8033,0.9583,0.9146,0.9019,0.9302,0.7825,0.8425,0.7637,0.8471,0.6809,0.6835,0.9371,0.9505,0.824,0.9329,0.9237,0.9064,0.9119,0.9118,0.956,0.9314,0.9547,0.9647,0.8289,0.8683,0.8754,0.6292,0.8322,0.7055,0.7385,0.8815,0.5035,0.8574,0.7268,0.8111,0.9097,0.8938,0.9317,0.9621,0.8648,0.8754,0.8288,0.8555,0.8392,0.6327,0.8879,0.7153,0.8402,0.8625,0.8507,0.8114,0.9048,0.921,0.7929,0.7692,0.9523,0.916,0.899,0.8936,0.8664,0.863,0.5228,0.7933,0.8932,0.8294,0.7136,0.9049,0.8811,0.8761,0.8871,0.9249,0.9308,0.8635,0.8938,0.8697,0.8971,0.9263,0.857,0.8709,0.2016,0.9204,0.9027,0.9149,0.9231,0.84,0.9222,0.8527,0.8804,0.9182,0.9077,0.9291,0.0068,0.9206,0.8832,0.9437,0.8415,0.6204,0.8766,0.9344,0.832,0.6223,0.7925,0.7151,0.7388,0.4671,0.8253,0.4472,0.6093,0.6311,0.899,0.848,0.9033,0.907,0.8934,0.9083,0.803,0.9248,0.9542,0.6824,0.9161,0.4077,0.7758,0.673,0.744,0.8885,0.9438,0.8507,0.8759,0.9068,0.8159,0.8246,0.932
GEX.Mean.raw.reads.per.cell,5000<,87333.54,75680.06,118202.1,58943.64,148130.3,68250.07,52030.6,51590.72,9459.544,41286.47,524590.7,51568.01,75126.75,54604.32,44691.08,55254.42,52091.45,48017.47,53909.45,51279.63,42163.85,64541.69,57702.63,87712.42,63721.66,59463.28,41343.87,64864.75,79171.74,63748.65,90452.67,103979.8,506360.7,11512.09,83120.52,80199.26,1439136,58691.47,60871.89,60443.7,270618.4,49925.41,35374.82,29523.67,52412.41,60136.19,75490.46,77151.73,53791.84,50549.62,50227.17,93337.4,177562.8,186225.1,77376.16,78618.73,253492.7,97056.81,139672.2,48155.15,130667.1,55870.17,58741.75,64688.84,201779.3,53640.36,68852.83,77659.38,117276.5,50853.57,48773.52,44752.51,48762.65,51225.36,85288.63,82140.01,30386.1,390745.7,34291.22,65694.9,73540.18,51999.71,47067.64,42588.14,47708.17,185927.3,50795.37,54541.31,78323.32,64119.16,71474.1,45787.05,144269.1,51445.12,46340.89,38456.24,171810.6,63901.73,65168.17,86763.17,63935.75,59677.8,61894.1,64862.29,36906.95,42789.17,99254.8,132210.6,45975.84,47715.29,71802.06,42651.9,61057.45,44359.6,28167.52,21863.63,36849.59,39991.77,45354.93,43076.31,58092.84,48816.61,30231.13,62185.93,49989.05,122042.8,58371.13,56664.93,55788.21,170194.9,70635.14,45571.68,233540.6,138862.7,41040.7,75673.23,39795.48,56160.8,58990.62,107033.5,48581.09,57073.98,58624.1,76927.65,93271.96,117687.1,135677.8,61045.24,261592.6,105722.4,64859.35,108687.6,58977.23,155447.2,63055.48,164144.4,130197.4,63010.17,85207.39,61385.59,154789,149507.7,105757.6,83643.59,113824.8,74083.85,98158,112625.4,75619.87,104844.9,118012.7,136003,131921.7,135916.1,452293.7,75421.21,134525.5,137861.5,127652.5,44716.15,71044.32,207028,65564.05,93214.9,82003.15,86086.48,446216.9,116181.2,67097.25,94477.6,42768.53,48773.52,44815.19,100867.6,68362.83,55084.98,57024.72,53362.35,69275.24,109506.8,42509.62,381357.2,60227.57,59420.41,48672.97,104140.7,76455.57,119268.5,69712.8,73648.59,62888.74,143412.2,72693.1,111618.2,67403.69,293247.6,30003.61,284716.1,81142.85,19293.83,30059.83,26434.33,76504.32,40939.72,37359.56,134729,248574.4
GEX.Median.UMI.counts.per.cell,100<,7118,7991,7486,8299,7775,13287,13061.5,12096.5,3852,11486.5,2,12096.5,13585,10139,11910,11276,11274.5,12619,14563,9978,6434,9588,2797,1979,2051,9470,568,10257,12393,9963,8831,5694,1203,975,4304,3196,18325.5,430,139.5,6075,267.5,6294,4550.5,7500.5,2013,1755.5,5709,12353,3864,3077.5,2572,14769,7084.5,23596,1387,13529.5,17352,4496.5,5584,14457,28534.5,5352,4249,3197,5339,5180,6478,21033.5,23251.5,17162,7056.5,4961,6959,7101.5,6182,4481,4917,624.5,3352,4089,3015,3869,11175,15432,16138.5,6978.5,1928.5,4451.5,3522,4784,2661,6087.5,12724,4962,1982,2522,12060,3749.5,4878,4887,1354,5173,6290.5,6295,5941.5,4634,1406.5,1571,9517,2795,2089,996,1495,1934,2243,2089,2432,2456,4544,5002,2271,2685,7304,972,7662,11000.5,2854,8528,787,8405,8497,16627,1716,10464,3084.5,3166,5436,5469,6754,3201,4360.5,4103.5,4340,7254,7361,15765,6789,9430,6167,6302,3490,3094,4729,5366.5,3451,5732,4291,5553,5808.5,4060,8719,8416,9180,4333,8924,2743.5,4813,9424,6719,3618.5,7430,7083,6589,7709,9080,6238,8498.5,5439,4585.5,3803.5,3181,11124,4072,4996,5137,7199,50,7442.5,4931,4744.5,15394.5,7056.5,8534,13029,19204.5,15849,13470,15649,17258,22521,8999,279.5,12831,13960,7217,9927,7366,6614.5,7966,4943,7052,7025.5,6464.5,7764,9143,4039,3154,7066,2778,4063.5,3273,3558,4538,4172.5,3671,239,1812
GEX.Median.genes.per.cell,Depends on depth,3381,3349,3148,2947.5,3231,4172,4180,4104,1834,3887,2,4104,4313,3539,3950,3841,3944,4171,4525,3429,2556,3227,1461,1139,1161,3427,479,3609,3996,3348,3258,2480.5,803,702,2197,1731,5820,345,136,2883,261,2802.5,2195.5,3128.5,1233,1109,2539,4148,1935,1706,1493,4444,2922.5,5947.5,1000.5,4260,5040,2256.5,2476,4718,6386.5,2314,2086,1875,2482,2664.5,2977,5523.5,5623,5089,3099.5,2303,2934,2754,2757.5,2069,2494,494.5,1859,2090.5,1636,2088,4064,4977,4942,2679.5,1048.5,1949,1967.5,2519,1460,2912,4426.5,2480,1281,1609,3755,1835,2399,2165,775,2496,2914,2964,2787,2263,887,908,3665,1368,1170,669,926,1090,1121,1103,1226,1194,1864,1957,1367.5,1301,3116,679,2738,3401,1272,3068,523,2756,3364.5,5110,1212,3944,1582.5,1609,2563,2580,2819,1806.5,2226.5,2084,2331.5,3608,3408,5934,3153,3732,2990,2887,1969,1790,2486,2594.5,1838,2770,2192,2751,2596.5,2262,3683.5,3496,3953,2367,3839,1624,2467.5,3685,3445,1942.5,2929,2994,3193,3564,3922,2928,3688,2735,2156,2125,1869,4273,2144,2499,2512.5,2848,45,3271,2351,2355,4325,3099.5,3672,4743.5,5708,4738,4400,5267,5976,5983,3444,107.5,4394,4404,3161,3287.5,2915,2855.5,3070,2357,3340,2817,2966.5,3025,3065,2018,1819,3057,1663,2167,1773,1957.5,2437,2195,2123.5,228,1123
GEX.Percent.duplicates,Variable,0.3586,0.6188,0.6886,0.6767,0.7196,0.6356,0.5319,0.5812,0.2456,0.4818,0.487,0.5812,0.6482,0.6273,0.4906,0.5995,0.5803,0.4979,0.4704,0.5887,0.6886,0.7135,0.857,0.9307,0.9024,0.6741,0.9,0.675,0.6996,0.7085,0.801,0.8629,0.9535,0.5492,0.7073,0.6998,0.9566,0.8933,0.9418,0.5925,0.481,0.4339,0.5916,0.3387,0.8448,0.8761,0.7594,0.5796,0.7388,0.7241,0.6654,0.5705,0.8811,0.6881,0.9153,0.5338,0.8396,0.8669,0.8727,0.3906,0.5911,0.7476,0.7738,0.6182,0.7625,0.6056,0.5106,0.4397,0.5537,0.2508,0.4761,0.5815,0.5446,0.6582,0.7721,0.7803,0.433,0.5795,0.4236,0.7253,0.6349,0.6774,0.3591,0.2569,0.2803,0.6617,0.8695,0.7181,0.6846,0.7072,0.8639,0.5206,0.7658,0.6362,0.5047,0.2765,0.852,0.7908,0.7207,0.8399,0.7887,0.6721,0.6246,0.722,0.5326,0.6544,0.9252,0.9445,0.4631,0.8329,0.9078,0.9152,0.9121,0.8602,0.7848,0.7261,0.8157,0.8357,0.7146,0.7129,0.8007,0.5381,0.4016,0.8508,0.5328,0.5764,0.552,0.5157,0.8659,0.8144,0.7518,0.3135,0.9651,0.849,0.827,0.8952,0.6905,0.759,0.7384,0.9022,0.7193,0.6669,0.6148,0.6653,0.7362,0.5995,0.8062,0.5708,0.6812,0.8329,0.733,0.8854,0.6867,0.7658,0.727,0.7201,0.7976,0.6434,0.7997,0.6133,0.8099,0.8058,0.726,0.6985,0.66,0.8307,0.812,0.746,0.6324,0.8533,0.8162,0.7678,0.7403,0.7633,0.733,0.7022,0.7378,0.8632,0.819,0.5564,0.8378,0.8695,0.691,0.743,0.7622,0.7834,0.9084,0.7155,0.809,0.8405,0.3212,0.4761,0.5623,0.6281,0.4179,0.2878,0.5248,0.3668,0.4732,0.3462,0.4337,0.9545,0.3863,0.3631,0.5542,0.7849,0.7803,0.8838,0.7521,0.8476,0.6871,0.9036,0.7789,0.8053,0.7323,0.8943,0.5521,0.8595,0.7896,0.3587,0.5639,0.6188,0.5733,0.4861,0.4098,0.9034,0.9665
GEX.Q30.bases.in.UMI,ideally >65%,0.963,0.9623,0.9557,0.9747,0.9727,0.9609,0.9701,0.9708,0.974,0.9732,0.96,0.9708,0.9683,0.9563,0.9729,0.972,0.9742,0.9742,0.9741,0.9547,0.963,0.9611,0.9742,0.9748,0.9733,0.969,0.972,0.9719,0.9699,0.9685,0.9682,0.9622,0.9692,0.9723,0.9611,0.9543,0.9562,0.9584,0.9717,0.9701,0.9317,0.945,0.9435,0.9426,0.958,0.9558,0.9542,0.9547,0.9587,0.9597,0.9584,0.9688,0.9614,0.9629,0.964,0.9703,0.9667,0.9557,0.9627,0.9586,0.9525,0.9479,0.9483,0.9514,0.9484,0.9496,0.9526,0.9593,0.9586,0.9568,0.9618,0.9568,0.9622,0.9638,0.9628,0.9631,0.9629,0.9564,0.9636,0.9606,0.9568,0.9634,0.9622,0.96,0.9607,0.9526,0.9502,0.9527,0.9676,0.9587,0.95,0.9567,0.9588,0.9643,0.9621,0.9622,0.9565,0.9591,0.9623,0.9622,0.9565,0.9561,0.9595,0.9564,0.9539,0.9522,0.9521,0.9484,0.9431,0.9518,0.9528,0.9514,0.9536,0.9528,0.953,0.953,0.9591,0.9576,0.9506,0.9569,0.9646,0.9447,0.9447,0.9614,0.9524,0.9567,0.9487,0.9541,0.9653,0.957,0.9535,0.9224,0.9681,0.9675,0.9581,0.9592,0.9649,0.96,0.9594,0.9602,0.96,0.9569,0.9703,0.9571,0.9557,0.9589,0.9607,0.9574,0.954,0.9559,0.9554,0.9565,0.9658,0.9679,0.9592,0.947,0.9654,0.9583,0.9753,0.9463,0.9676,0.9671,0.9673,0.9674,0.9465,0.9665,0.9669,0.9677,0.9546,0.9673,0.9751,0.9565,0.9576,0.9538,0.9548,0.9502,0.9667,0.9667,0.9551,0.974,0.9666,0.9542,0.9747,0.9547,0.9676,0.9552,0.967,0.9582,0.9619,0.9545,0.9698,0.9618,0.9722,0.9728,0.9738,0.9707,0.9701,0.9538,0.955,0.9718,0.9627,0.958,0.9583,0.9558,0.9638,0.9576,0.9568,0.9708,0.9717,0.9734,0.9709,0.9732,0.9687,0.9723,0.9651,0.9729,0.9714,0.9725,0.9718,0.9728,0.9674,0.9677,0.9462,0.9748,0.9663,0.9679,0.9681
GEX.Q30.bases.in.barcode,ideally >65%,0.9675,0.9675,0.9609,0.9755,0.9733,0.9625,0.9709,0.9722,0.975,0.9738,0.9631,0.9722,0.9696,0.9595,0.9742,0.9722,0.9757,0.9758,0.9753,0.9573,0.9695,0.9678,0.9758,0.9762,0.9744,0.9723,0.9737,0.9742,0.9731,0.9722,0.9705,0.9683,0.9718,0.9731,0.9672,0.9603,0.9606,0.9631,0.9746,0.9718,0.9548,0.9491,0.9474,0.9474,0.9639,0.9615,0.9572,0.9583,0.9654,0.9652,0.9631,0.9704,0.9673,0.9676,0.9681,0.9719,0.9692,0.9603,0.9678,0.964,0.9586,0.954,0.9546,0.9557,0.9543,0.9554,0.9573,0.9656,0.965,0.9637,0.9659,0.9612,0.9654,0.967,0.9667,0.9665,0.9657,0.9609,0.9658,0.9647,0.9605,0.9674,0.963,0.9617,0.9622,0.9561,0.9562,0.9558,0.9691,0.9635,0.9536,0.9571,0.964,0.9678,0.9639,0.9659,0.9614,0.962,0.9649,0.9651,0.9595,0.9599,0.961,0.9593,0.9598,0.9583,0.9563,0.958,0.9493,0.9555,0.957,0.9562,0.9575,0.9566,0.9566,0.9566,0.9625,0.961,0.9518,0.9593,0.9661,0.9531,0.9526,0.9625,0.958,0.9563,0.9538,0.9591,0.9674,0.9564,0.9589,0.9298,0.9701,0.9695,0.961,0.9629,0.9686,0.9659,0.9663,0.9659,0.966,0.9625,0.972,0.9635,0.9594,0.9645,0.9652,0.9606,0.958,0.9594,0.9587,0.9586,0.968,0.9704,0.9619,0.9512,0.9672,0.9613,0.9761,0.9499,0.9696,0.9696,0.9692,0.9697,0.9503,0.9683,0.969,0.9689,0.9584,0.9693,0.9762,0.9601,0.9609,0.9577,0.9591,0.9535,0.9688,0.9683,0.9588,0.9754,0.9687,0.9578,0.9763,0.959,0.9696,0.9594,0.9691,0.9606,0.9645,0.958,0.9709,0.9659,0.973,0.9739,0.9748,0.9724,0.9713,0.9593,0.9603,0.9735,0.9654,0.962,0.961,0.9589,0.9651,0.9618,0.9614,0.9716,0.9725,0.9748,0.9729,0.9745,0.9708,0.9739,0.9677,0.9741,0.9729,0.9743,0.9739,0.9736,0.9698,0.9703,0.952,0.9751,0.9706,0.971,0.9717
GEX.Q30.bases.in.read.2,ideally >65%,0.9444,0.9381,0.9333,0.9527,0.9525,0.9305,0.945,0.9536,0.9501,0.9487,0.9429,0.9536,0.9546,0.9392,0.9517,0.9547,0.9593,0.9556,0.9533,0.9383,0.9521,0.9544,0.9498,0.9557,0.9533,0.9578,0.9536,0.9614,0.9618,0.9578,0.9559,0.9504,0.9439,0.9427,0.9536,0.9513,0.9382,0.9426,0.9453,0.9503,0.8897,0.9227,0.9356,0.9318,0.9458,0.9283,0.9413,0.9391,0.9435,0.9356,0.9396,0.9452,0.9577,0.9487,0.943,0.9473,0.9324,0.9445,0.9523,0.9514,0.9381,0.9305,0.9353,0.9365,0.9353,0.929,0.935,0.9426,0.9432,0.9414,0.9497,0.9467,0.9467,0.9454,0.949,0.9445,0.9426,0.9427,0.9433,0.9455,0.9407,0.9459,0.9394,0.9379,0.9412,0.9277,0.9247,0.9296,0.9466,0.9382,0.9311,0.9337,0.9489,0.9495,0.946,0.9496,0.9432,0.9416,0.9432,0.9459,0.9425,0.9404,0.9384,0.9469,0.9446,0.9441,0.9245,0.9207,0.9224,0.9234,0.9324,0.9308,0.9246,0.9305,0.9312,0.9315,0.9346,0.9337,0.9336,0.9307,0.9384,0.9305,0.9343,0.9274,0.9327,0.938,0.9294,0.9405,0.9298,0.9408,0.9449,0.9122,0.9461,0.9502,0.9394,0.9381,0.9493,0.9432,0.9422,0.9345,0.9477,0.9494,0.9532,0.9367,0.923,0.9305,0.9396,0.9393,0.9293,0.9395,0.9129,0.9277,0.9473,0.9486,0.9438,0.9256,0.9417,0.9401,0.9523,0.9368,0.9535,0.9524,0.954,0.9497,0.9415,0.9455,0.9436,0.9371,0.9375,0.9444,0.956,0.9353,0.9383,0.9383,0.9385,0.925,0.9483,0.9455,0.9376,0.9558,0.9358,0.94,0.9564,0.9327,0.9438,0.9384,0.9448,0.9326,0.9441,0.9378,0.9499,0.9497,0.9565,0.9553,0.9511,0.9541,0.9519,0.9492,0.9512,0.9545,0.9438,0.9372,0.9447,0.9458,0.944,0.946,0.9431,0.9555,0.9515,0.9559,0.9515,0.9566,0.9559,0.9548,0.9535,0.9502,0.9531,0.9543,0.9559,0.9516,0.9338,0.9531,0.9349,0.9489,0.9516,0.9463,0.9439
GEX.Q30.bases.in.sample.index.i1,ideally >90%,0.9577,0.9752,0.9786,0.9725,0.9837,0.9701,0.9538,0.9479,0.9778,0.9604,0.9449,0.9479,0.9789,0.9575,0.9821,0.9776,0.9749,0.9671,0.9817,0.9497,0.9709,0.9764,0.9581,0.9073,0.9551,0.9811,0.948,0.9686,0.9734,0.9852,0.9688,0.9654,0.9523,0.867,0.9735,0.9305,0.9345,0.9366,0.9751,0.9342,0.9576,0.9261,0.9383,0.9297,0.9145,0.9695,0.9489,0.953,0.9729,0.9408,0.9731,0.9753,0.9595,0.9446,0.9803,0.9781,0.9831,0.9693,0.9788,0.9689,0.9605,0.9652,0.9286,0.8679,0.9289,0.937,0.8515,0.9645,0.9649,0.9757,0.9484,0.9638,0.9662,0.9368,0.97,0.9738,0.9628,0.9687,0.9451,0.9693,0.9716,0.9709,0.9603,0.9475,0.8924,0.9264,0.9579,0.9605,0.9506,0.9319,0.9414,0.9455,0.9502,0.9525,0.9621,0.9608,0.971,0.9687,0.9669,0.947,0.959,0.951,0.9307,0.9674,0.9171,0.918,0.9552,0.9371,0.9556,0.96,0.954,0.9513,0.8668,0.9543,0.9171,0.9418,0.9481,0.9255,0.9351,0.9051,0.9419,0.9504,0.9477,0.9138,0.9457,0.9424,0.9649,0.9323,0.9683,0.9377,0.9513,0.9083,0.9812,0.976,0.929,0.9705,0.9484,0.9321,0.9578,0.9055,0.9663,0.9649,0.9573,0.9524,0.9239,0.9672,0.9605,0.9652,0.9248,0.8996,0.957,0.9409,0.9593,0.9547,0.9703,0.9264,0.9617,0.9699,0.9595,0.9524,0.9559,0.8622,0.9778,0.9636,0.9348,0.974,0.9703,0.9738,0.9103,0.9639,0.981,0.9529,0.9551,0.9596,0.9618,0.9355,0.9787,0.942,0.9512,0.9633,0.9654,0.9372,0.943,0.9546,0.9708,0.9429,0.9561,0.8694,0.9669,0.954,0.9338,0.9484,0.9733,0.9707,0.963,0.9549,0.9606,0.9461,0.9373,0.9773,0.9737,0.9545,0.956,0.9345,0.9404,0.9663,0.971,0.9754,0.9799,0.9461,0.9697,0.9692,0.8956,0.9725,0.9616,0.9602,0.9737,0.9708,0.9585,0.9695,0.9767,0.9464,0.9056,0.9692,0.9642,0.9018,0.9574
GEX.Q30.bases.in.sample.index.i2,ideally >90%,0.8981,0.9683,0.8837,0.9571,0.9264,0.9092,0.9233,0.9349,0.9115,0.9285,0.9502,0.9349,0.9667,0.9391,0.9629,0.9553,0.9709,0.9696,0.9624,0.9367,0.9434,0.9619,0.9551,0.9682,0.967,0.9621,0.9647,0.9683,0.9718,0.9434,0.9688,0.9489,0.9502,0.9525,0.9665,0.9657,0.9548,0.946,0.9434,0.965,0.9128,0.9229,0.9499,0.902,0.9588,0.866,0.957,0.9271,0.9441,0.9463,0.9483,0.9582,0.9749,0.9602,0.9655,0.9652,0.9484,0.9318,0.9517,0.9596,0.9584,0.9438,0.9382,0.9471,0.9433,0.9087,0.9265,0.9518,0.9246,0.8862,0.9592,0.9471,0.9253,0.957,0.9585,0.9239,0.9204,0.9687,0.9444,0.9619,0.9466,0.9486,0.946,0.945,0.9494,0.9298,0.9308,0.9351,0.915,0.9326,0.9278,0.9353,0.9647,0.9471,0.9497,0.9453,0.9579,0.916,0.954,0.9593,0.9563,0.9533,0.9639,0.9455,0.9519,0.9637,0.9574,0.8851,0.9138,0.9403,0.9516,0.9381,0.924,0.9435,0.9357,0.9496,0.9566,0.9367,0.8607,0.8928,0.943,0.9199,0.9291,0.9572,0.8625,0.952,0.8828,0.9337,0.9092,0.929,0.9065,0.8807,0.9775,0.968,0.9586,0.9545,0.9602,0.9353,0.9515,0.9203,0.9483,0.9378,0.9533,0.935,0.9123,0.9461,0.8835,0.9331,0.9204,0.9366,0.8774,0.9152,0.9525,0.9632,0.9087,0.9089,0.9588,0.8828,0.9521,0.9565,0.9586,0.9649,0.964,0.969,0.9463,0.9546,0.9309,0.9141,0.943,0.9455,0.9676,0.9143,0.8922,0.9299,0.9084,0.9235,0.9284,0.9509,0.9397,0.9531,0.9444,0.9396,0.9602,0.9196,0.9484,0.9433,0.9552,0.9085,0.9576,0.9432,0.9698,0.9592,0.9624,0.9688,0.943,0.9639,0.9178,0.9647,0.9589,0.9621,0.9518,0.8629,0.9651,0.9518,0.8929,0.9594,0.9308,0.9529,0.913,0.9784,0.9203,0.9742,0.9647,0.9617,0.9633,0.9486,0.9736,0.9631,0.9637,0.9134,0.9334,0.9456,0.9145,0.9251,0.9512,0.9323,0.959
GEX.Reads.mapped.antisense.to.gene,30%>,0.3104,0.2307,0.1539,0.1599,0.1537,0.1262,0.0981,0.1244,0.1264,0.0982,0.291,0.1244,0.1368,0.1259,0.0965,0.1124,0.1243,0.1262,0.1276,0.1244,0.1433,0.1558,0.3503,0.346,0.3487,0.1651,0.3568,0.1305,0.1362,0.1687,0.1734,0.1879,0.3651,0.3927,0.2413,0.3067,0.1737,0.1695,0.2149,0.3797,0.2171,0.0915,0.1336,0.0979,0.0858,0.0591,0.1335,0.0979,0.0983,0.1414,0.1306,0.1237,0.1247,0.1774,0.3769,0.1237,0.1654,0.0723,0.1368,0.079,0.0639,0.2463,0.2287,0.302,0.2061,0.2322,0.2477,0.0703,0.0728,0.0601,0.0796,0.2973,0.2891,0.1278,0.1572,0.1837,0.1105,0.0301,0.1016,0.126,0.0382,0.1359,0.1472,0.1184,0.1189,0.3529,0.3482,0.3553,0.1736,0.2586,0.3509,0.2292,0.1633,0.2179,0.2106,0.2428,0.1206,0.3278,0.3361,0.2939,0.1969,0.3103,0.2837,0.3,0.1751,0.2214,0.354,0.3341,0.0839,0.3588,0.3463,0.3338,0.3318,0.3409,0.3613,0.3591,0.3595,0.3618,0.0675,0.1215,0.3232,0.0431,0.1423,0.2732,0.0454,0.069,0.0279,0.098,0.2978,0.0887,0.1163,0.1056,0.3551,0.1065,0.1911,0.1765,0.2138,0.2385,0.24,0.1496,0.2401,0.1245,0.2415,0.1956,0.291,0.2291,0.1317,0.1892,0.2967,0.1979,0.3158,0.249,0.2861,0.2873,0.2285,0.3088,0.2907,0.2347,0.1665,0.3003,0.2661,0.3187,0.2916,0.3584,0.2865,0.3356,0.2638,0.1514,0.2963,0.3208,0.1666,0.3341,0.3662,0.2698,0.2184,0.2942,0.327,0.2608,0.3798,0.2419,0.2633,0.1759,0.2713,0.3086,0.2912,0.2349,0.1778,0.3866,0.3076,0.3172,0.0714,0.0796,0.1509,0.1316,0.1123,0.0822,0.083,0.0955,0.1051,0.0647,0.0751,0.0168,0.1354,0.1187,0.2697,0.231,0.2137,0.1328,0.2256,0.2537,0.1802,0.1714,0.2974,0.119,0.1491,0.1032,0.0689,0.1665,0.3228,0.2691,0.3081,0.2109,0.2997,0.1803,0.2698,0.1807,0.3663
GEX.Reads.mapped.confidently.to.exonic.regions,Variable,0.3234,0.1878,0.5964,0.3725,0.5855,0.595,0.6178,0.5744,0.5945,0.6176,0.1922,0.5744,0.5625,0.5683,0.6083,0.583,0.544,0.5346,0.5769,0.5752,0.4981,0.4784,0.225,0.2875,0.2734,0.4615,0.3062,0.5257,0.4907,0.4705,0.4579,0.1799,0.1594,0.1164,0.2123,0.3751,0.6012,0.4114,0.0461,0.4031,0.0353,0.4169,0.5339,0.5067,0.2325,0.2196,0.5342,0.507,0.2342,0.1042,0.1368,0.1606,0.196,0.1774,0.1301,0.1606,0.176,0.2124,0.2143,0.4825,0.6078,0.1715,0.1794,0.2202,0.181,0.2132,0.1641,0.5659,0.5632,0.7102,0.5458,0.2175,0.2396,0.2397,0.3327,0.3004,0.267,0.0311,0.3388,0.3275,0.1389,0.4505,0.4336,0.5288,0.487,0.1284,0.1305,0.1682,0.3401,0.2371,0.2314,0.4027,0.3118,0.2819,0.4392,0.3362,0.207,0.2491,0.2535,0.2592,0.4569,0.2705,0.3062,0.3304,0.3956,0.3473,0.1702,0.1319,0.3765,0.2124,0.1922,0.2256,0.2316,0.2493,0.1941,0.202,0.2021,0.1942,0.2481,0.327,0.2396,0.4055,0.4993,0.2204,0.4463,0.4003,0.2802,0.4687,0.3126,0.4077,0.722,0.481,0.1552,0.2175,0.3397,0.3243,0.2295,0.1951,0.2329,0.2895,0.2798,0.2998,0.3994,0.3794,0.3805,0.4207,0.248,0.259,0.3808,0.4987,0.2757,0.2966,0.3073,0.2922,0.3422,0.2777,0.3045,0.4111,0.2531,0.2883,0.3179,0.2639,0.3112,0.2065,0.3134,0.2391,0.3122,0.3074,0.3541,0.3033,0.2742,0.2643,0.256,0.401,0.3694,0.2755,0.2661,0.2702,0.2218,0.3988,0.3776,0.3218,0.3517,0.2743,0.1982,0.1999,0.3777,0.1947,0.2536,0.259,0.6187,0.5458,0.332,0.2567,0.2843,0.5993,0.4032,0.5642,0.5002,0.6701,0.5594,0.0925,0.5519,0.5751,0.2244,0.2523,0.2384,0.2676,0.2714,0.3007,0.2501,0.273,0.2131,0.3397,0.207,0.2884,0.2235,0.3209,0.3133,0.2236,0.1955,0.2679,0.3303,0.2769,0.3567,0.2536,0.1832
GEX.Reads.mapped.confidently.to.genome,80%<,0.918,0.9152,0.9238,0.9379,0.9245,0.9369,0.9227,0.9283,0.9398,0.9233,0.8922,0.9283,0.9213,0.8939,0.9386,0.9206,0.9152,0.9264,0.9258,0.8929,0.9132,0.9206,0.893,0.8811,0.8876,0.9178,0.8773,0.9136,0.908,0.9174,0.9019,0.9228,0.9111,0.9143,0.9166,0.9133,0.917,0.9087,0.8046,0.8047,0.7611,0.8249,0.8823,0.837,0.7944,0.6861,0.8823,0.8377,0.8922,0.8922,0.8884,0.9208,0.8779,0.9089,0.8677,0.921,0.9035,0.8071,0.8723,0.8281,0.8849,0.8927,0.8345,0.8967,0.8841,0.8908,0.8922,0.9076,0.8682,0.9242,0.8025,0.932,0.9331,0.8527,0.829,0.8506,0.7783,0.2223,0.78,0.7824,0.4057,0.8218,0.91,0.8884,0.8393,0.9118,0.896,0.901,0.8626,0.9101,0.8859,0.9102,0.8853,0.9222,0.9159,0.9062,0.9085,0.9159,0.9262,0.9365,0.8985,0.9383,0.932,0.9222,0.923,0.9224,0.8917,0.8564,0.8168,0.8973,0.8838,0.8645,0.8603,0.8703,0.9067,0.9022,0.902,0.9067,0.751,0.8426,0.8652,0.8646,0.8739,0.7826,0.8411,0.8638,0.7989,0.8589,0.8599,0.8343,0.9548,0.9062,0.8822,0.8941,0.8632,0.8392,0.9351,0.9395,0.9356,0.9071,0.9365,0.925,0.879,0.9291,0.9285,0.9251,0.8758,0.9009,0.9119,0.9257,0.9211,0.9224,0.9244,0.9342,0.9373,0.9231,0.9254,0.9358,0.8952,0.9174,0.9298,0.9368,0.9349,0.933,0.9245,0.9176,0.9357,0.9087,0.9183,0.9354,0.9177,0.9308,0.9154,0.9259,0.9112,0.9174,0.9308,0.9179,0.9263,0.8796,0.932,0.9218,0.8998,0.9214,0.9338,0.9231,0.9214,0.9372,0.9283,0.9394,0.9112,0.8025,0.9031,0.909,0.8352,0.9114,0.8749,0.9268,0.9026,0.9163,0.9139,0.1694,0.886,0.878,0.9125,0.9292,0.9235,0.9129,0.9288,0.9288,0.9013,0.9254,0.9365,0.9074,0.9276,0.8852,0.7772,0.8617,0.8953,0.9128,0.8724,0.9193,0.9302,0.9115,0.8867,0.8736,0.9053
GEX.Reads.mapped.confidently.to.intergenic.regions,30%>,0.0574,0.069,0.0303,0.0564,0.0325,0.0478,0.0599,0.0591,0.0483,0.0601,0.2838,0.0591,0.0671,0.0691,0.0411,0.064,0.0775,0.0688,0.0705,0.066,0.096,0.0723,0.0701,0.0754,0.0709,0.0799,0.0673,0.0777,0.0791,0.0735,0.0853,0.0552,0.0631,0.0687,0.0765,0.0418,0.0283,0.0586,0.3561,0.0568,0.3175,0.0807,0.0566,0.063,0.0777,0.0884,0.0568,0.0635,0.2994,0.3105,0.3354,0.0785,0.0604,0.069,0.0685,0.0786,0.071,0.0623,0.0531,0.0719,0.0739,0.065,0.0566,0.084,0.0651,0.0821,0.0731,0.0711,0.0878,0.0573,0.0464,0.0589,0.0631,0.0921,0.0959,0.0699,0.0948,0.1242,0.0783,0.0997,0.0745,0.0776,0.0703,0.0719,0.0749,0.0647,0.0613,0.0563,0.0466,0.0701,0.0547,0.0483,0.0529,0.0741,0.0517,0.0874,0.0865,0.0442,0.046,0.0407,0.0323,0.0434,0.0419,0.034,0.0681,0.0744,0.0685,0.0605,0.1113,0.0544,0.0725,0.0781,0.0836,0.072,0.0513,0.0569,0.057,0.0513,0.1704,0.1159,0.1101,0.2385,0.0842,0.1638,0.138,0.1458,0.4063,0.1102,0.1719,0.1632,0.0446,0.0995,0.0639,0.0621,0.0814,0.0886,0.0581,0.0594,0.0564,0.0912,0.0605,0.0792,0.0611,0.0911,0.0498,0.0681,0.1018,0.0592,0.0543,0.042,0.0844,0.0699,0.0723,0.0732,0.0615,0.0758,0.0775,0.0667,0.0682,0.0641,0.08,0.0828,0.0871,0.0951,0.08,0.0741,0.0898,0.0979,0.0671,0.069,0.0689,0.0747,0.0828,0.0581,0.0715,0.0672,0.078,0.0717,0.0748,0.0613,0.0628,0.0581,0.0672,0.0731,0.1052,0.1099,0.0732,0.0747,0.0506,0.0681,0.0523,0.0464,0.072,0.0885,0.0607,0.0712,0.0718,0.071,0.0626,0.0567,0.0632,0.0312,0.0975,0.1028,0.0575,0.0892,0.089,0.1028,0.0677,0.0748,0.0916,0.074,0.0796,0.0975,0.0815,0.0891,0.102,0.0572,0.0692,0.0576,0.0612,0.0571,0.0723,0.0579,0.0647,0.0845,0.0684
GEX.Reads.mapped.confidently.to.intronic.regions,Variable,0.5373,0.6584,0.2971,0.509,0.3065,0.294,0.245,0.2948,0.2969,0.2456,0.4162,0.2948,0.2916,0.2565,0.2891,0.2736,0.2937,0.323,0.2784,0.2517,0.3191,0.37,0.5978,0.5182,0.5433,0.3763,0.5038,0.3103,0.3382,0.3734,0.3587,0.6877,0.6886,0.7292,0.6278,0.4964,0.2875,0.4387,0.4024,0.3448,0.4084,0.3273,0.2918,0.2672,0.4841,0.3782,0.2913,0.2672,0.3586,0.4775,0.4162,0.6817,0.6215,0.6625,0.6691,0.6818,0.6565,0.5324,0.6049,0.2737,0.2032,0.6562,0.5985,0.5925,0.6381,0.5954,0.655,0.2706,0.2172,0.1567,0.2103,0.6556,0.6303,0.5208,0.4004,0.4803,0.4165,0.0669,0.3629,0.3552,0.1923,0.2937,0.4061,0.2877,0.2775,0.7188,0.7042,0.6765,0.476,0.6029,0.5997,0.4592,0.5206,0.5663,0.4249,0.4826,0.6151,0.6226,0.6266,0.6366,0.4092,0.6244,0.5838,0.5578,0.4593,0.5007,0.653,0.6639,0.329,0.6305,0.6191,0.5608,0.5452,0.549,0.6613,0.6433,0.6429,0.6611,0.3325,0.3997,0.5154,0.2205,0.2904,0.3984,0.2568,0.3177,0.1123,0.28,0.3754,0.2634,0.1882,0.3257,0.6631,0.6145,0.4421,0.4263,0.6475,0.6849,0.6463,0.5263,0.5962,0.546,0.4185,0.4586,0.4982,0.4364,0.5261,0.5826,0.4768,0.3851,0.5609,0.5558,0.5448,0.5688,0.5336,0.5697,0.5434,0.4581,0.5739,0.5651,0.5319,0.5901,0.5366,0.6314,0.5311,0.6045,0.5336,0.5034,0.4972,0.5632,0.5747,0.5918,0.5766,0.4667,0.4703,0.5748,0.5868,0.576,0.6297,0.4195,0.4916,0.5418,0.4809,0.574,0.6304,0.6133,0.4705,0.6678,0.624,0.6123,0.2402,0.2103,0.499,0.5638,0.4902,0.2409,0.3999,0.2916,0.3398,0.1894,0.2913,0.0456,0.2366,0.2001,0.6306,0.5877,0.596,0.5426,0.5897,0.5533,0.5597,0.5784,0.6439,0.4702,0.6391,0.5077,0.4517,0.4836,0.5128,0.6315,0.6157,0.5942,0.5276,0.5767,0.4653,0.5355,0.6537
GEX.Reads.mapped.confidently.to.transcriptome,50%<,0.5434,0.6064,0.7333,0.7137,0.7319,0.7565,0.7585,0.7386,0.7586,0.7587,0.3127,0.7386,0.7114,0.6935,0.7943,0.7383,0.7076,0.7253,0.7219,0.6971,0.6688,0.6866,0.4666,0.4544,0.4625,0.6669,0.4479,0.7001,0.687,0.6696,0.6377,0.6705,0.4759,0.4456,0.5903,0.5592,0.7089,0.6735,0.2278,0.3647,0.2227,0.6465,0.6852,0.6705,0.6225,0.5322,0.6852,0.6708,0.491,0.439,0.4213,0.7084,0.6836,0.6522,0.4162,0.7085,0.6568,0.6634,0.6738,0.672,0.7415,0.5735,0.5419,0.5036,0.6041,0.5687,0.563,0.7595,0.7022,0.7999,0.6709,0.5679,0.573,0.6254,0.5699,0.5902,0.5666,0.0671,0.5932,0.5507,0.2896,0.6023,0.686,0.6925,0.6406,0.4865,0.4793,0.483,0.635,0.5735,0.4741,0.6263,0.6609,0.6215,0.6434,0.569,0.6935,0.5373,0.5381,0.595,0.6634,0.578,0.6,0.5814,0.673,0.6204,0.4633,0.4554,0.6158,0.4784,0.4595,0.4459,0.4392,0.4516,0.4887,0.4808,0.4801,0.488,0.5072,0.5988,0.4267,0.5774,0.6424,0.3416,0.6528,0.6434,0.3625,0.6457,0.386,0.5776,0.7889,0.6953,0.4572,0.7157,0.5845,0.5681,0.6546,0.6329,0.6305,0.6583,0.6279,0.7124,0.5707,0.6346,0.5813,0.6209,0.6332,0.6451,0.5549,0.6799,0.5151,0.5966,0.5601,0.5678,0.6399,0.5317,0.5516,0.6276,0.6522,0.5466,0.5771,0.5293,0.5502,0.4735,0.5517,0.502,0.5736,0.6523,0.549,0.5402,0.6731,0.5148,0.4608,0.5918,0.614,0.5494,0.52,0.5781,0.4658,0.5707,0.5995,0.6796,0.5554,0.534,0.5303,0.5708,0.6618,0.4693,0.5629,0.547,0.7814,0.6709,0.6726,0.6794,0.6538,0.7519,0.7127,0.7535,0.7278,0.7879,0.7695,0.1201,0.6473,0.651,0.5784,0.6018,0.6129,0.6674,0.6282,0.5938,0.621,0.6699,0.5502,0.6835,0.688,0.6824,0.5983,0.6304,0.4973,0.5791,0.4958,0.6431,0.5519,0.6645,0.5461,0.6004,0.4628
GEX.Reads.mapped.to.genome,80%<,0.973,0.9657,0.9765,0.9741,0.9776,0.9768,0.9778,0.9778,0.9791,0.978,0.9541,0.9778,0.9775,0.9755,0.9771,0.9745,0.9786,0.9764,0.9794,0.9759,0.9703,0.9737,0.9567,0.9598,0.9594,0.9733,0.9531,0.9736,0.9737,0.9738,0.9705,0.966,0.9514,0.9522,0.9687,0.9699,0.9671,0.9675,0.9225,0.9705,0.8206,0.9662,0.9681,0.9693,0.9581,0.9555,0.9675,0.9687,0.9269,0.9267,0.9297,0.972,0.9528,0.9589,0.9185,0.9722,0.9628,0.9566,0.9615,0.9762,0.9762,0.9421,0.9365,0.9569,0.9461,0.953,0.9489,0.9751,0.9738,0.9789,0.8622,0.9716,0.9719,0.9593,0.9627,0.9587,0.9631,0.9357,0.9625,0.9588,0.9573,0.9639,0.9684,0.96,0.9601,0.9474,0.9297,0.9458,0.9699,0.9659,0.942,0.9723,0.9698,0.9686,0.9749,0.9696,0.9626,0.9598,0.9644,0.9702,0.974,0.9708,0.9694,0.971,0.9763,0.9742,0.9383,0.8983,0.9498,0.9476,0.9468,0.9448,0.9418,0.9461,0.9505,0.9491,0.9489,0.9505,0.9654,0.9607,0.9538,0.9707,0.9544,0.9302,0.9664,0.9689,0.9678,0.9708,0.9513,0.9703,0.9757,0.9614,0.9297,0.9668,0.9625,0.9566,0.9736,0.9742,0.9733,0.9688,0.9755,0.9698,0.9704,0.9717,0.9737,0.9724,0.9619,0.9669,0.9712,0.9754,0.9619,0.9634,0.969,0.9717,0.9736,0.9635,0.9676,0.9762,0.9666,0.9623,0.9732,0.9741,0.9748,0.9721,0.9662,0.9629,0.9712,0.9632,0.9716,0.9693,0.9677,0.9692,0.9678,0.9719,0.9688,0.9591,0.9725,0.9672,0.9681,0.9702,0.9698,0.9683,0.9706,0.9697,0.9674,0.9656,0.9684,0.9707,0.9705,0.973,0.9772,0.8622,0.9398,0.9652,0.8804,0.9794,0.975,0.9778,0.9745,0.9806,0.9763,0.2308,0.9798,0.9795,0.968,0.9705,0.971,0.9689,0.971,0.972,0.9699,0.97,0.9727,0.9708,0.9709,0.9558,0.9485,0.9622,0.9697,0.9677,0.9477,0.9662,0.9675,0.9666,0.9707,0.9574,0.9492
GEX.Reads.with.TSO,25%<,0.1205,0.152,0.1132,0.1253,0.1112,0.1805,0.1458,0.054,0.1658,0.1418,0,0.054,0.063,0.1159,0.1346,0.1485,0.0638,0.0664,0.0698,0.1081,0.0782,0.0768,1.00E-04,0,0,0.075,0,0.0635,0.0789,0.0774,0.0598,0.1894,0,0,0.1425,0.0533,0.0594,0.0825,0.2403,0,1.00E-04,0.1444,0.0618,0.1156,0.2549,0.3188,0.0617,0.115,0.0714,0.0623,0.0788,0.2363,0.2336,0.2057,0,0.2358,0.1867,0.4271,0.2311,0.1923,0.1253,0.17,0.2506,0.1483,0.2609,0.1845,0.2061,0.1009,0.1033,0.0583,0.0961,0.057,0.0553,0.248,0.192,0.1701,0.2788,0.6277,0.2564,0.2246,0.4686,0.1915,0.0871,0.0966,0.1247,0,0,0,0.1242,0.1535,0,0.0843,0.1393,0.0713,0.0579,0.111,0.2079,0.1097,0.1039,0.0627,0.0503,0.0671,0.0685,0.0739,0.0472,0.0442,0,0,0.2415,0,0,0,0,0,0,0,0,0,0.3055,0.1629,0,0.1526,0.156,0,0.1592,0.1585,0.2416,0.1456,0,0.1471,0.0363,0.0643,0,0.2239,0.1224,0.1856,0.0564,0.0538,0.0655,0.1096,0.0415,0.0926,0.1015,0.0791,0.0567,0.0505,0.2249,0.1614,0.0467,0.0626,0.3024,0.2811,0.1696,0.0699,0.068,0.0485,0.1857,0.0452,0.1573,0.0381,0.0567,0.0478,0.0561,0.0628,0.0539,0.2523,0.074,0.4102,0.0504,0.0918,0.1294,0.0508,0.0702,0.0376,0.0818,0.0588,0.063,0.1863,0.058,0.1008,0.165,0.1026,0.1062,0.0484,0.251,0.086,0.1258,0.0631,0.0629,0.0532,0.0722,0.0961,0.066,0.0854,0.0728,0.058,0.1104,0.0391,0.0683,0.0564,0.0936,0.0208,0.0918,0.0969,0.2775,0.0894,0.0993,0.0792,0.0638,0.0622,0.1161,0.0922,0.0592,0.1172,0.0917,0.1567,0.3786,0.159,0.0799,0.2645,0.1993,0.1382,0.0507,0.3403,0.2611,0.2925,0
GEX.Sequenced.read.pairs,Variable,240079908,471562446,332502589,323246930,418468229,873942198,624055056,234325031,121072706,495107386,267016684,234325031,1348750463,676656725,548046754,451760127,631348334,224769791,723518750,631918917,97103336,500649902,618456777,562148905,554442206,515368251,826877397,616150250,626406788,570040463,549047691,300917459,463320018,230241753,275876999,441496951,132400531,224494872,138422673,180424455,15154628,150375341,123599610,121165147,142194867,154309460,264141109,317787988,511936897,409047531,347722722,1071980035,1255014139,824232234,950333953,902543062,1232228234,501201382,1204812374,281466848,624065915,251359873,250651062,269105578,299238720,277535198,275755583,517366808,1084807172,455393749,752477939,316668782,339388073,279485573,380728465,299811045,262930911,388401270,219292336,462754847,372333933,313246274,254259384,268347859,298176092,277403539,265355010,292450488,264576186,285907356,360586823,260162034,376830867,448344220,387919629,404482714,1415719489,602337678,535617157,696014114,1052702066,783211405,569301965,963140110,238271293,392547837,327540841,342293140,209649829,514370842,691166599,598832704,574611698,612162481,493044334,361056044,627990768,708134222,235981713,113075304,203092579,100708663,143537402,364471750,100178062,262392055,211595358,269838403,144658831,347027466,288191354,214779336,1595082259,978009879,264055863,429823943,191694821,184095110,137094192,328592794,232897725,269160907,712986356,450565242,805403389,449682353,510555569,481952142,700806536,815225325,561681946,798092707,553265412,568936930,781950998,490299218,637706888,542139542,641952480,599123349,1019440615,1119364222,983862985,995275057,497186635,600375551,538494763,546007758,595808942,674362251,681287426,781881485,675835019,738432167,669846948,552007823,913696971,813796566,817741619,542764643,678189072,856060750,558081203,708153614,552209207,759196702,730457136,590897778,713042471,647360500,412117521,752477939,286503530,203147259,263060166,264132466,305709529,276737171,326286375,379878992,850192367,125085153,624017877,662715819,582664084,730026164,492603254,691518888,439678633,540727948,377395327,783604306,662961076,561104801,564505863,390899013,60097232,290410428,298362276,228631872,98566170,218030320,187359078,242445026,170882623,410249957,455636831
GEX.Total.genes.detected,Depends on depth,31200,33673,30984,30715,31153,31174,30684,28449,28283,30380,1293,28445,32247,31103,30558,29942,31231,28857,31461,30816,25473,29523,31943,31101,31367,29941,30000,29979,29807,29999,29232,30176,29160,32562,31753,31798,22621,28901,25158,29077,10058,28360,27650,27575,28240,27585,28685,29123,19388,19304,19225,32328,33003,32687,32002,32194,33183,31247,32104,29689,30283,30920,30423,32263,30678,32956,33159,31208,32450,31446,31468,32274,32276,29310,31106,30424,30164,26268,30399,31908,28857,29729,30700,29842,30832,30418,30953,30775,31333,32139,32337,31382,31325,32887,31822,34635,32457,31775,32003,31550,32825,32558,32047,33595,30192,31069,32010,30776,29504,30775,31758,31104,31576,31761,30997,31290,32028,31449,30365,27983,31339,27800,27981,32888,27021,29846,28253,30549,28806,30176,28909,30781,34073,31816,27691,27947,29907,29647,29561,30210,31314,31773,33076,32777,32710,32080,31359,33193,32114,32860,32183,31870,32590,31455,32504,31762,31517,32520,32527,32331,32857,32999,32954,33161,32017,31826,31331,31668,32692,31946,31623,32313,33221,32206,30808,32378,33133,32023,31789,32839,32142,32601,32204,32715,32536,33193,17027,32638,32534,32395,30150,31468,30770,30206,30121,29105,29879,31402,30514,29020,31328,12114,29292,29410,33205,32214,32875,31960,31501,32661,33040,31859,31424,31323,31804,28637,28682,30453,31727,32108,31528,31562,31551,32382,32445,32133,31314
GEX.Valid.UMIs,NA,0.9995,0.9995,0.9996,0.9996,0.9997,0.9996,0.9996,0.9996,0.9996,0.9996,0.9984,0.9996,0.9996,0.9993,0.9996,0.9996,0.9997,0.9996,0.9996,0.9993,0.9996,0.9996,0.9989,0.9989,0.9989,0.9996,0.9993,0.9996,0.9996,0.9996,0.9995,0.9996,0.9987,0.9993,0.9995,0.9993,0.9992,0.9993,0.9997,0.9993,0.9985,0.9993,0.9993,0.9992,0.9993,0.9993,0.9993,0.9992,0.9991,0.9992,0.9991,0.9997,0.9997,0.9995,0.9988,0.9997,0.9997,0.9995,0.9997,0.9996,0.9994,0.9995,0.9995,0.9995,0.9996,0.9996,0.9995,0.9991,0.9992,0.9992,0.9993,0.9994,0.9994,0.9996,0.9996,0.9995,0.9996,0.9998,0.9996,0.9996,0.9997,0.9996,0.9995,0.9993,0.9996,0.9985,0.9975,0.9986,0.9996,0.9993,0.9981,0.9995,0.9993,0.9995,0.9995,0.9995,0.9996,0.9994,0.9994,0.9995,0.9996,0.9995,0.9995,0.9995,0.9996,0.9996,0.998,0.9956,0.9996,0.9987,0.9987,0.9986,0.9986,0.9988,0.9988,0.9988,0.9988,0.9988,0.9997,0.9996,0.9989,0.9997,0.9997,0.9991,0.9997,0.9995,0.9997,0.9996,0.9991,0.9996,0.9996,0.9996,0.9986,0.9997,0.9995,0.9995,0.9991,0.9992,0.9992,0.9993,0.9991,0.9991,0.9994,0.9991,0.9992,0.9992,0.9993,0.9996,0.9994,0.9991,0.9991,0.9991,0.999,0.999,0.9996,0.9993,0.999,0.9996,0.9994,0.9993,0.9989,0.999,0.999,0.9992,0.9991,0.999,0.9989,0.999,0.9992,0.999,0.9994,0.9992,0.9993,0.9992,0.9993,0.9991,0.999,0.9988,0.9991,0.9994,0.9988,0.9992,0.9994,0.9992,0.9989,0.9992,0.999,0.9992,0.9995,0.9992,0.9996,0.9993,0.9992,0.9992,0.9993,0.9992,0.9993,0.9992,0.9992,0.9992,0.9996,0.9997,0.9992,0.9993,0.9996,0.999,0.9992,0.9993,0.9991,0.9991,0.9993,0.9991,0.9991,0.9991,0.9992,0.9994,0.9994,0.9994,0.9994,0.9997,0.9996,0.9996,0.9993,0.9997,0.9996,0.9997,0.9977
GEX.Valid.barcodes,85%<,0.9272,0.9427,0.9627,0.9668,0.963,0.9603,0.9637,0.9624,0.9618,0.9639,0.0041,0.9624,0.9531,0.9466,0.9725,0.9625,0.9568,0.9624,0.9514,0.9457,0.9549,0.9557,0.8349,0.8172,0.8239,0.9518,0.8723,0.9557,0.955,0.9542,0.9334,0.9576,0.8278,0.8447,0.9471,0.9457,0.9591,0.9486,0.859,0.725,0.8543,0.9436,0.9439,0.9404,0.9514,0.9365,0.9453,0.942,0.9518,0.9549,0.9558,0.9622,0.9538,0.9467,0.8095,0.9623,0.9532,0.9664,0.9429,0.9483,0.9581,0.9407,0.9407,0.9385,0.9498,0.9401,0.9454,0.9623,0.9509,0.9655,0.9454,0.9336,0.9381,0.9509,0.9363,0.941,0.9438,0.924,0.9386,0.9355,0.9364,0.9373,0.9488,0.9473,0.9165,0.8396,0.8379,0.8397,0.9419,0.9423,0.8261,0.9366,0.9514,0.9484,0.9491,0.9251,0.9657,0.924,0.9296,0.9436,0.9521,0.9406,0.9435,0.9274,0.9508,0.9428,0.8172,0.8093,0.9469,0.8567,0.8391,0.8411,0.8376,0.839,0.8666,0.8484,0.8492,0.8671,0.9454,0.9523,0.8344,0.9591,0.9461,0.7983,0.9596,0.9621,0.9469,0.947,0.8189,0.952,0.9767,0.9543,0.8512,0.9636,0.9413,0.9409,0.9512,0.9544,0.9515,0.953,0.9484,0.9647,0.9245,0.956,0.9405,0.9488,0.9515,0.946,0.9459,0.9557,0.9381,0.9451,0.9436,0.9475,0.9574,0.9426,0.9439,0.9571,0.943,0.944,0.942,0.9405,0.9385,0.9277,0.939,0.9412,0.943,0.9609,0.9402,0.9446,0.9456,0.941,0.9372,0.9418,0.9429,0.9369,0.9325,0.9465,0.9379,0.925,0.944,0.9546,0.9313,0.9393,0.9433,0.9417,0.9562,0.9469,0.9456,0.9394,0.9682,0.9454,0.9612,0.9565,0.9526,0.9502,0.9591,0.9629,0.9509,0.9655,0.9606,0.9671,0.9196,0.9203,0.9382,0.9314,0.9347,0.9555,0.9488,0.9413,0.9449,0.9532,0.9397,0.9529,0.9579,0.9603,0.9503,0.943,0.9343,0.9395,0.9233,0.9526,0.9458,0.9526,0.9237,0.9507,0.8273